adv_id,adv_name,level,weapon,creature_id,creature_name,creature_level,player_hit_pct,player_dmg_per_hit,player_dps,ttk_player_turns,creature_hit_pct,creature_dmg_per_hit,creature_dps,ttk_creature_turns,ttk_ratio,predicted_winner,mc_player_winrate,mc_mean_ttk_turns
generalist,Generalist,1,bronze_sword,rat,Giant Rat,1,65.0,5.92,3.85,5.2,30.0,1.0,0.3,436.7,0.01,player,1.0,6.0
generalist,Generalist,1,bronze_sword,archer_goblin,Archer Goblin,2,60.0,5.96,3.57,9.5,55.0,1.0,0.55,238.2,0.04,player,,
generalist,Generalist,1,bronze_sword,goblin,Goblin,2,65.0,5.92,3.85,10.4,45.0,1.0,0.45,291.1,0.04,player,,
generalist,Generalist,1,bronze_sword,goblin_mage,Goblin Mage,3,60.0,5.96,3.57,10.6,55.0,1.0,0.55,238.2,0.04,player,,
generalist,Generalist,1,bronze_sword,skeleton,Skeleton,3,65.0,4.66,3.03,17.2,45.0,3.22,1.45,90.3,0.19,player,,
generalist,Generalist,1,bronze_sword,wild_boar,Wild Boar,4,55.0,6.0,3.3,18.8,65.0,4.08,2.65,49.4,0.38,player,,
generalist,Generalist,1,bronze_sword,orc_brute,Orc Brute,5,60.0,4.96,2.97,24.5,70.0,5.11,3.58,36.6,0.67,player,,
generalist,Generalist,1,bronze_sword,fire_elemental,Fire Elemental,6,45.0,5.11,2.3,37.8,70.0,6.71,4.7,27.9,1.36,creature,,
generalist,Generalist,1,bronze_sword,dire_wolf,Dire Wolf,7,30.0,6.42,1.93,50.4,75.0,7.73,5.8,22.6,2.23,creature,,
generalist,Generalist,1,bronze_sword,cyclops,Cyclops,8,55.0,6.0,3.3,45.8,95.0,8.63,8.2,16.0,2.86,creature,,
generalist,Generalist,1,bronze_sword,ogre,Ogre,9,50.0,4.05,2.03,82.0,95.0,10.74,10.2,12.8,6.38,creature,,
generalist,Generalist,1,bronze_sword,ogre_brute,Ogre Brute,10,45.0,4.11,1.85,97.8,95.0,11.79,11.2,11.7,8.36,creature,,
generalist,Generalist,1,bronze_sword,stone_golem,Stone Golem,10,50.0,3.05,1.53,119.3,95.0,11.79,11.2,11.7,10.2,creature,,
generalist,Generalist,1,bronze_sword,dire_wight,Dire Wight,12,15.0,4.33,0.65,230.8,95.0,14.95,14.2,9.2,25.01,creature,,
generalist,Generalist,1,bronze_sword,wraith,Wraith,12,10.0,6.25,0.62,240.0,95.0,14.95,14.2,9.2,26.02,creature,,
generalist,Generalist,1,bronze_sword,troll,Troll,14,25.0,3.6,0.9,268.9,95.0,17.58,16.7,7.8,34.28,creature,,
generalist,Generalist,1,bronze_sword,young_dragon,Young Dragon,16,5.0,6.0,0.3,906.7,95.0,19.68,18.7,7.0,129.42,creature,,
generalist,Generalist,1,bronze_sword,demon,Demon,18,5.0,5.76,0.29,770.8,95.0,22.84,21.7,6.0,127.69,creature,,
generalist,Generalist,1,bronze_sword,ancient_dragon,Ancient Dragon,20,5.0,5.0,0.25,968.0,95.0,25.47,24.2,5.4,178.82,creature,,
generalist,Generalist,5,bronze_sword,rat,Giant Rat,1,90.0,7.92,7.12,2.8,15.0,1.0,0.15,1073.3,0.0,player,,
generalist,Generalist,5,bronze_sword,archer_goblin,Archer Goblin,2,85.0,7.94,6.75,5.0,40.0,1.06,0.43,378.8,0.01,player,,
generalist,Generalist,5,bronze_sword,goblin,Goblin,2,90.0,7.92,7.12,5.6,30.0,1.25,0.38,429.3,0.01,player,,
generalist,Generalist,5,bronze_sword,goblin_mage,Goblin Mage,3,85.0,7.94,6.75,5.6,40.0,1.0,0.4,402.5,0.01,player,,
generalist,Generalist,5,bronze_sword,skeleton,Skeleton,3,90.0,6.66,5.99,8.7,30.0,3.58,1.08,149.8,0.06,player,,
generalist,Generalist,5,bronze_sword,wild_boar,Wild Boar,4,80.0,7.97,6.38,9.7,50.0,4.25,2.12,75.8,0.13,player,,
generalist,Generalist,5,bronze_sword,orc_brute,Orc Brute,5,85.0,6.94,5.9,12.4,55.0,5.27,2.9,55.5,0.22,player,1.0,13.0
generalist,Generalist,5,bronze_sword,fire_elemental,Fire Elemental,6,70.0,7.04,4.92,17.7,55.0,6.91,3.8,42.4,0.42,player,,
generalist,Generalist,5,bronze_sword,dire_wolf,Dire Wolf,7,55.0,8.18,4.5,21.6,60.0,7.92,4.75,33.9,0.64,player,,
generalist,Generalist,5,bronze_sword,cyclops,Cyclops,8,80.0,7.97,6.38,23.7,90.0,8.67,7.8,20.6,1.15,creature,,
generalist,Generalist,5,bronze_sword,ogre,Ogre,9,75.0,6.0,4.5,36.9,80.0,10.88,8.7,18.5,1.99,creature,,
generalist,Generalist,5,bronze_sword,ogre_brute,Ogre Brute,10,70.0,6.04,4.22,42.8,95.0,11.79,11.2,14.4,2.98,creature,,
generalist,Generalist,5,bronze_sword,stone_golem,Stone Golem,10,75.0,5.0,3.75,48.5,85.0,11.88,10.1,15.9,3.04,creature,,
generalist,Generalist,5,bronze_sword,dire_wight,Dire Wight,12,40.0,5.44,2.18,69.0,85.0,15.06,12.8,12.6,5.48,creature,,
generalist,Generalist,5,bronze_sword,wraith,Wraith,12,35.0,6.57,2.3,65.2,80.0,15.12,12.1,13.3,4.9,creature,,
generalist,Generalist,5,bronze_sword,troll,Troll,14,50.0,5.25,2.62,92.2,95.0,17.58,16.7,9.6,9.56,creature,,
generalist,Generalist,5,bronze_sword,young_dragon,Young Dragon,16,30.0,3.75,1.12,241.8,95.0,19.68,18.7,8.6,28.08,creature,,
generalist,Generalist,5,bronze_sword,demon,Demon,18,15.0,4.76,0.71,310.9,95.0,22.84,21.7,7.4,41.91,creature,,
generalist,Generalist,5,bronze_sword,ancient_dragon,Ancient Dragon,20,15.0,4.0,0.6,403.3,95.0,25.47,24.2,6.7,60.63,creature,,
generalist,Generalist,10,bronze_sword,rat,Giant Rat,1,95.0,14.21,13.5,1.5,5.0,1.0,0.05,3960.0,0.0,player,,
generalist,Generalist,10,bronze_sword,archer_goblin,Archer Goblin,2,95.0,14.21,13.5,2.5,20.0,1.0,0.2,990.0,0.0,player,,
generalist,Generalist,10,bronze_sword,goblin,Goblin,2,95.0,14.21,13.5,3.0,10.0,1.0,0.1,1980.0,0.0,player,,
generalist,Generalist,10,bronze_sword,goblin_mage,Goblin Mage,3,95.0,14.21,13.5,2.8,20.0,1.0,0.2,990.0,0.0,player,,
generalist,Generalist,10,bronze_sword,skeleton,Skeleton,3,95.0,12.95,12.3,4.2,10.0,2.75,0.28,720.0,0.01,player,,
generalist,Generalist,10,bronze_sword,wild_boar,Wild Boar,4,95.0,14.21,13.5,4.6,30.0,1.75,0.53,377.1,0.01,player,,
generalist,Generalist,10,bronze_sword,orc_brute,Orc Brute,5,95.0,13.21,12.55,5.8,35.0,2.71,0.95,208.4,0.03,player,,
generalist,Generalist,10,bronze_sword,fire_elemental,Fire Elemental,6,95.0,13.21,12.55,6.9,35.0,4.43,1.55,127.7,0.05,player,,
generalist,Generalist,10,bronze_sword,dire_wolf,Dire Wolf,7,90.0,14.25,12.83,7.6,40.0,5.38,2.15,92.1,0.08,player,,
generalist,Generalist,10,bronze_sword,cyclops,Cyclops,8,95.0,14.21,13.5,11.2,70.0,5.86,4.1,48.3,0.23,player,,
generalist,Generalist,10,bronze_sword,ogre,Ogre,9,95.0,12.21,11.6,14.3,60.0,8.17,4.9,40.4,0.35,player,,
generalist,Generalist,10,bronze_sword,ogre_brute,Ogre Brute,10,95.0,12.21,11.6,15.6,80.0,8.94,7.15,27.7,0.56,player,0.997,16.1
generalist,Generalist,10,bronze_sword,stone_golem,Stone Golem,10,95.0,11.21,10.65,17.1,65.0,9.15,5.95,33.3,0.51,player,,
generalist,Generalist,10,bronze_sword,dire_wight,Dire Wight,12,75.0,11.4,8.55,17.5,65.0,12.38,8.05,24.6,0.71,player,,
generalist,Generalist,10,bronze_sword,wraith,Wraith,12,70.0,12.46,8.72,17.2,60.0,12.5,7.5,26.4,0.65,player,,
generalist,Generalist,10,bronze_sword,troll,Troll,14,85.0,11.29,9.6,25.2,85.0,14.71,12.5,15.8,1.59,creature,,
generalist,Generalist,10,bronze_sword,young_dragon,Young Dragon,16,65.0,9.54,6.2,43.9,95.0,16.68,15.85,12.5,3.51,creature,,
generalist,Generalist,10,bronze_sword,demon,Demon,18,50.0,9.61,4.81,46.2,95.0,19.84,18.85,10.5,4.4,creature,,
generalist,Generalist,10,bronze_sword,ancient_dragon,Ancient Dragon,20,50.0,8.85,4.43,54.7,95.0,22.47,21.35,9.3,5.9,creature,,
generalist,Generalist,20,bronze_sword,rat,Giant Rat,1,95.0,20.53,19.5,1.0,5.0,1.0,0.05,5480.0,0.0,player,,
generalist,Generalist,20,bronze_sword,archer_goblin,Archer Goblin,2,95.0,20.53,19.5,1.7,5.0,2.0,0.1,2740.0,0.0,player,,
generalist,Generalist,20,bronze_sword,goblin,Goblin,2,95.0,20.53,19.5,2.1,5.0,2.0,0.1,2740.0,0.0,player,,
generalist,Generalist,20,bronze_sword,goblin_mage,Goblin Mage,3,95.0,20.53,19.5,1.9,5.0,1.0,0.05,5480.0,0.0,player,,
generalist,Generalist,20,bronze_sword,skeleton,Skeleton,3,95.0,19.27,18.3,2.8,5.0,6.0,0.3,913.3,0.0,player,,
generalist,Generalist,20,bronze_sword,wild_boar,Wild Boar,4,95.0,20.53,19.5,3.2,5.0,8.0,0.4,685.0,0.0,player,,
generalist,Generalist,20,bronze_sword,orc_brute,Orc Brute,5,95.0,19.53,18.55,3.9,5.0,10.0,0.5,548.0,0.01,player,,
generalist,Generalist,20,bronze_sword,fire_elemental,Fire Elemental,6,95.0,19.53,18.55,4.7,5.0,13.0,0.65,421.5,0.01,player,,
generalist,Generalist,20,bronze_sword,dire_wolf,Dire Wolf,7,95.0,20.53,19.5,5.0,5.0,15.0,0.75,365.3,0.01,player,,
generalist,Generalist,20,bronze_sword,cyclops,Cyclops,8,95.0,20.53,19.5,7.7,30.0,7.0,2.1,130.5,0.06,player,,
generalist,Generalist,20,bronze_sword,ogre,Ogre,9,95.0,18.53,17.6,9.4,20.0,10.5,2.1,130.5,0.07,player,,
generalist,Generalist,20,bronze_sword,ogre_brute,Ogre Brute,10,95.0,18.53,17.6,10.3,40.0,9.88,3.95,69.4,0.15,player,,
generalist,Generalist,20,bronze_sword,stone_golem,Stone Golem,10,95.0,17.53,16.65,10.9,25.0,11.0,2.75,99.6,0.11,player,,
generalist,Generalist,20,bronze_sword,dire_wight,Dire Wight,12,95.0,17.53,16.65,9.0,25.0,14.6,3.65,75.1,0.12,player,,
generalist,Generalist,20,bronze_sword,wraith,Wraith,12,95.0,18.53,17.6,8.5,20.0,15.5,3.1,88.4,0.1,player,,
generalist,Generalist,20,bronze_sword,troll,Troll,14,95.0,17.53,16.65,14.5,45.0,15.78,7.1,38.6,0.38,player,,
generalist,Generalist,20,bronze_sword,young_dragon,Young Dragon,16,95.0,15.53,14.75,18.4,60.0,17.38,10.42,26.3,0.7,player,,
generalist,Generalist,20,bronze_sword,demon,Demon,18,95.0,15.29,14.52,15.3,65.0,20.46,13.3,20.6,0.74,player,,
generalist,Generalist,20,bronze_sword,ancient_dragon,Ancient Dragon,20,95.0,14.53,13.8,17.5,75.0,22.87,17.15,16.0,1.1,creature,0.284,17.2
str_fighter,STR Fighter,1,bronze_sword,rat,Giant Rat,1,75.0,8.0,6.0,3.3,30.0,1.0,0.3,503.3,0.01,player,1.0,4.0
str_fighter,STR Fighter,1,bronze_sword,archer_goblin,Archer Goblin,2,70.0,8.04,5.62,6.0,55.0,1.0,0.55,274.5,0.02,player,,
str_fighter,STR Fighter,1,bronze_sword,goblin,Goblin,2,75.0,8.0,6.0,6.7,45.0,1.0,0.45,335.6,0.02,player,,
str_fighter,STR Fighter,1,bronze_sword,goblin_mage,Goblin Mage,3,70.0,8.04,5.62,6.8,55.0,1.0,0.55,274.5,0.02,player,,
str_fighter,STR Fighter,1,bronze_sword,skeleton,Skeleton,3,75.0,6.74,5.05,10.3,45.0,2.41,1.09,139.1,0.07,player,,
str_fighter,STR Fighter,1,bronze_sword,wild_boar,Wild Boar,4,65.0,8.08,5.25,11.8,65.0,3.27,2.12,71.1,0.17,player,,
str_fighter,STR Fighter,1,bronze_sword,orc_brute,Orc Brute,5,70.0,7.04,4.92,14.8,70.0,4.3,3.01,50.2,0.3,player,,
str_fighter,STR Fighter,1,bronze_sword,fire_elemental,Fire Elemental,6,55.0,7.18,3.95,22.0,70.0,5.9,4.13,36.5,0.6,player,,
str_fighter,STR Fighter,1,bronze_sword,dire_wolf,Dire Wolf,7,40.0,8.44,3.38,28.7,75.0,6.92,5.19,29.1,0.99,player,,
str_fighter,STR Fighter,1,bronze_sword,cyclops,Cyclops,8,65.0,8.08,5.25,28.8,95.0,7.82,7.43,20.3,1.42,creature,,
str_fighter,STR Fighter,1,bronze_sword,ogre,Ogre,9,60.0,6.12,3.67,45.2,95.0,9.93,9.43,16.0,2.82,creature,,
str_fighter,STR Fighter,1,bronze_sword,ogre_brute,Ogre Brute,10,55.0,6.18,3.4,53.2,95.0,10.98,10.43,14.5,3.68,creature,,
str_fighter,STR Fighter,1,bronze_sword,stone_golem,Stone Golem,10,60.0,5.12,3.07,59.2,95.0,10.98,10.43,14.5,4.09,creature,,
str_fighter,STR Fighter,1,bronze_sword,dire_wight,Dire Wight,12,25.0,6.0,1.5,100.0,95.0,14.14,13.43,11.2,8.89,creature,,
str_fighter,STR Fighter,1,bronze_sword,wraith,Wraith,12,20.0,7.38,1.48,101.7,95.0,14.14,13.43,11.2,9.05,creature,,
str_fighter,STR Fighter,1,bronze_sword,troll,Troll,14,35.0,5.57,1.95,124.1,95.0,16.77,15.93,9.5,13.09,creature,,
str_fighter,STR Fighter,1,bronze_sword,young_dragon,Young Dragon,16,15.0,5.0,0.75,362.7,95.0,18.87,17.93,8.4,43.06,creature,,
str_fighter,STR Fighter,1,bronze_sword,demon,Demon,18,5.0,9.76,0.49,454.9,95.0,22.03,20.93,7.2,63.06,creature,,
str_fighter,STR Fighter,1,bronze_sword,ancient_dragon,Ancient Dragon,20,5.0,9.0,0.45,537.8,95.0,24.66,23.43,6.4,83.45,creature,,
str_fighter,STR Fighter,5,bronze_sword,rat,Giant Rat,1,95.0,10.0,9.5,2.1,15.0,1.0,0.15,1233.3,0.0,player,,
str_fighter,STR Fighter,5,bronze_sword,archer_goblin,Archer Goblin,2,95.0,10.0,9.5,3.6,40.0,1.0,0.4,462.5,0.01,player,,
str_fighter,STR Fighter,5,bronze_sword,goblin,Goblin,2,95.0,10.0,9.5,4.2,30.0,1.0,0.3,616.7,0.01,player,,
str_fighter,STR Fighter,5,bronze_sword,goblin_mage,Goblin Mage,3,95.0,10.0,9.5,4.0,40.0,1.0,0.4,462.5,0.01,player,,
str_fighter,STR Fighter,5,bronze_sword,skeleton,Skeleton,3,95.0,8.74,8.3,6.3,30.0,2.77,0.83,222.4,0.03,player,,
str_fighter,STR Fighter,5,bronze_sword,wild_boar,Wild Boar,4,90.0,10.03,9.03,6.9,50.0,3.44,1.72,107.6,0.06,player,,
str_fighter,STR Fighter,5,bronze_sword,orc_brute,Orc Brute,5,95.0,9.0,8.55,8.5,55.0,4.46,2.45,75.4,0.11,player,1.0,9.1
str_fighter,STR Fighter,5,bronze_sword,fire_elemental,Fire Elemental,6,80.0,9.09,7.28,12.0,55.0,6.1,3.35,55.1,0.22,player,,
str_fighter,STR Fighter,5,bronze_sword,dire_wolf,Dire Wolf,7,65.0,10.23,6.65,14.6,60.0,7.11,4.26,43.4,0.34,player,,
str_fighter,STR Fighter,5,bronze_sword,cyclops,Cyclops,8,90.0,10.03,9.03,16.7,90.0,7.86,7.07,26.2,0.64,player,,
str_fighter,STR Fighter,5,bronze_sword,ogre,Ogre,9,85.0,8.06,6.85,24.2,80.0,10.06,8.05,23.0,1.05,creature,,
str_fighter,STR Fighter,5,bronze_sword,ogre_brute,Ogre Brute,10,80.0,8.09,6.48,28.0,95.0,10.98,10.43,17.7,1.58,creature,,
str_fighter,STR Fighter,5,bronze_sword,stone_golem,Stone Golem,10,85.0,7.06,6.0,30.3,85.0,11.07,9.41,19.7,1.54,creature,,
str_fighter,STR Fighter,5,bronze_sword,dire_wight,Dire Wight,12,50.0,7.45,3.73,40.3,85.0,14.25,12.11,15.3,2.64,creature,,
str_fighter,STR Fighter,5,bronze_sword,wraith,Wraith,12,45.0,8.56,3.85,39.0,80.0,14.32,11.45,16.2,2.41,creature,,
str_fighter,STR Fighter,5,bronze_sword,troll,Troll,14,60.0,7.29,4.37,55.3,95.0,16.77,15.93,11.6,4.76,creature,,
str_fighter,STR Fighter,5,bronze_sword,young_dragon,Young Dragon,16,40.0,5.69,2.27,119.6,95.0,18.87,17.93,10.3,11.59,creature,,
str_fighter,STR Fighter,5,bronze_sword,demon,Demon,18,25.0,6.16,1.54,144.2,95.0,22.03,20.93,8.8,16.31,creature,,
str_fighter,STR Fighter,5,bronze_sword,ancient_dragon,Ancient Dragon,20,25.0,5.4,1.35,179.3,95.0,24.66,23.43,7.9,22.7,creature,,
str_fighter,STR Fighter,10,bronze_sword,rat,Giant Rat,1,95.0,16.32,15.5,1.3,5.0,1.0,0.05,4540.0,0.0,player,,
str_fighter,STR Fighter,10,bronze_sword,archer_goblin,Archer Goblin,2,95.0,16.32,15.5,2.2,20.0,1.0,0.2,1135.0,0.0,player,,
str_fighter,STR Fighter,10,bronze_sword,goblin,Goblin,2,95.0,16.32,15.5,2.6,10.0,1.0,0.1,2270.0,0.0,player,,
str_fighter,STR Fighter,10,bronze_sword,goblin_mage,Goblin Mage,3,95.0,16.32,15.5,2.5,20.0,1.0,0.2,1135.0,0.0,player,,
str_fighter,STR Fighter,10,bronze_sword,skeleton,Skeleton,3,95.0,15.06,14.3,3.6,10.0,1.94,0.19,1170.1,0.0,player,,
str_fighter,STR Fighter,10,bronze_sword,wild_boar,Wild Boar,4,95.0,16.32,15.5,4.0,30.0,1.0,0.3,756.7,0.01,player,,
str_fighter,STR Fighter,10,bronze_sword,orc_brute,Orc Brute,5,95.0,15.32,14.55,5.0,35.0,1.9,0.67,340.6,0.01,player,,
str_fighter,STR Fighter,10,bronze_sword,fire_elemental,Fire Elemental,6,95.0,15.32,14.55,6.0,35.0,3.62,1.27,179.2,0.03,player,,
str_fighter,STR Fighter,10,bronze_sword,dire_wolf,Dire Wolf,7,95.0,16.32,15.5,6.3,40.0,4.56,1.83,124.3,0.05,player,,
str_fighter,STR Fighter,10,bronze_sword,cyclops,Cyclops,8,95.0,16.32,15.5,9.7,70.0,5.05,3.53,64.3,0.15,player,,
str_fighter,STR Fighter,10,bronze_sword,ogre,Ogre,9,95.0,14.32,13.6,12.2,60.0,7.36,4.41,51.4,0.24,player,,
str_fighter,STR Fighter,10,bronze_sword,ogre_brute,Ogre Brute,10,95.0,14.32,13.6,13.3,80.0,8.13,6.5,34.9,0.38,player,1.0,13.9
str_fighter,STR Fighter,10,bronze_sword,stone_golem,Stone Golem,10,95.0,13.32,12.65,14.4,65.0,8.34,5.42,41.9,0.34,player,,
str_fighter,STR Fighter,10,bronze_sword,dire_wight,Dire Wight,12,85.0,13.41,11.4,13.2,65.0,11.57,7.52,30.2,0.44,player,,
str_fighter,STR Fighter,10,bronze_sword,wraith,Wraith,12,80.0,14.47,11.58,13.0,60.0,11.69,7.01,32.4,0.4,player,,
str_fighter,STR Fighter,10,bronze_sword,troll,Troll,14,95.0,13.32,12.65,19.1,85.0,13.9,11.81,19.2,1.0,player,,
str_fighter,STR Fighter,10,bronze_sword,young_dragon,Young Dragon,16,75.0,11.53,8.65,31.4,95.0,15.87,15.08,15.1,2.09,creature,,
str_fighter,STR Fighter,10,bronze_sword,demon,Demon,18,60.0,11.55,6.93,32.0,95.0,19.03,18.08,12.6,2.55,creature,,
str_fighter,STR Fighter,10,bronze_sword,ancient_dragon,Ancient Dragon,20,60.0,10.79,6.47,37.4,95.0,21.66,20.58,11.0,3.39,creature,,
str_fighter,STR Fighter,20,bronze_sword,rat,Giant Rat,1,95.0,25.26,24.0,0.8,5.0,1.0,0.05,6260.0,0.0,player,,
str_fighter,STR Fighter,20,bronze_sword,archer_goblin,Archer Goblin,2,95.0,25.26,24.0,1.4,5.0,1.0,0.05,6260.0,0.0,player,,
str_fighter,STR Fighter,20,bronze_sword,goblin,Goblin,2,95.0,25.26,24.0,1.7,5.0,1.0,0.05,6260.0,0.0,player,,
str_fighter,STR Fighter,20,bronze_sword,goblin_mage,Goblin Mage,3,95.0,25.26,24.0,1.6,5.0,1.0,0.05,6260.0,0.0,player,,
str_fighter,STR Fighter,20,bronze_sword,skeleton,Skeleton,3,95.0,24.0,22.8,2.3,5.0,1.78,0.09,3516.9,0.0,player,,
str_fighter,STR Fighter,20,bronze_sword,wild_boar,Wild Boar,4,95.0,25.26,24.0,2.6,5.0,3.78,0.19,1656.1,0.0,player,,
str_fighter,STR Fighter,20,bronze_sword,orc_brute,Orc Brute,5,95.0,24.26,23.05,3.2,5.0,5.78,0.29,1083.0,0.0,player,,
str_fighter,STR Fighter,20,bronze_sword,fire_elemental,Fire Elemental,6,95.0,24.26,23.05,3.8,5.0,8.78,0.44,713.0,0.01,player,,
str_fighter,STR Fighter,20,bronze_sword,dire_wolf,Dire Wolf,7,95.0,25.26,24.0,4.0,5.0,10.78,0.54,580.7,0.01,player,,
str_fighter,STR Fighter,20,bronze_sword,cyclops,Cyclops,8,95.0,25.26,24.0,6.3,35.0,2.49,0.87,358.5,0.02,player,,
str_fighter,STR Fighter,20,bronze_sword,ogre,Ogre,9,95.0,23.26,22.1,7.5,25.0,5.58,1.4,224.4,0.03,player,,
str_fighter,STR Fighter,20,bronze_sword,ogre_brute,Ogre Brute,10,95.0,23.26,22.1,8.2,45.0,5.45,2.45,127.7,0.06,player,,
str_fighter,STR Fighter,20,bronze_sword,stone_golem,Stone Golem,10,95.0,22.26,21.15,8.6,30.0,6.28,1.88,166.1,0.05,player,,
str_fighter,STR Fighter,20,bronze_sword,dire_wight,Dire Wight,12,95.0,22.26,21.15,7.1,30.0,9.78,2.93,106.7,0.07,player,,
str_fighter,STR Fighter,20,bronze_sword,wraith,Wraith,12,95.0,23.26,22.1,6.8,25.0,10.38,2.59,120.6,0.06,player,,
str_fighter,STR Fighter,20,bronze_sword,troll,Troll,14,95.0,22.26,21.15,11.4,50.0,11.33,5.67,55.3,0.21,player,,
str_fighter,STR Fighter,20,bronze_sword,young_dragon,Young Dragon,16,95.0,20.26,19.25,14.1,65.0,13.01,8.46,37.0,0.38,player,,
str_fighter,STR Fighter,20,bronze_sword,demon,Demon,18,95.0,20.02,19.02,11.7,70.0,16.1,11.27,27.8,0.42,player,,
str_fighter,STR Fighter,20,bronze_sword,ancient_dragon,Ancient Dragon,20,95.0,19.26,18.3,13.2,80.0,18.53,14.82,21.1,0.63,player,0.989,13.7
tank,Tank Fighter,1,bronze_sword,rat,Giant Rat,1,65.0,5.92,3.85,5.2,30.0,1.0,0.3,556.7,0.01,player,1.0,6.1
tank,Tank Fighter,1,bronze_sword,archer_goblin,Archer Goblin,2,60.0,5.96,3.57,9.5,55.0,1.0,0.55,303.6,0.03,player,,
tank,Tank Fighter,1,bronze_sword,goblin,Goblin,2,65.0,5.92,3.85,10.4,45.0,1.0,0.45,371.1,0.03,player,,
tank,Tank Fighter,1,bronze_sword,goblin_mage,Goblin Mage,3,60.0,5.96,3.57,10.6,55.0,1.0,0.55,303.6,0.04,player,,
tank,Tank Fighter,1,bronze_sword,skeleton,Skeleton,3,65.0,4.66,3.03,17.2,45.0,2.41,1.09,153.8,0.11,player,,
tank,Tank Fighter,1,bronze_sword,wild_boar,Wild Boar,4,55.0,6.0,3.3,18.8,65.0,3.27,2.12,78.6,0.24,player,,
tank,Tank Fighter,1,bronze_sword,orc_brute,Orc Brute,5,60.0,4.96,2.97,24.5,70.0,4.3,3.01,55.5,0.44,player,,
tank,Tank Fighter,1,bronze_sword,fire_elemental,Fire Elemental,6,45.0,5.11,2.3,37.8,70.0,5.9,4.13,40.4,0.94,player,,
tank,Tank Fighter,1,bronze_sword,dire_wolf,Dire Wolf,7,30.0,6.42,1.93,50.4,75.0,6.92,5.19,32.2,1.57,creature,,
tank,Tank Fighter,1,bronze_sword,cyclops,Cyclops,8,55.0,6.0,3.3,45.8,95.0,7.82,7.43,22.5,2.04,creature,,
tank,Tank Fighter,1,bronze_sword,ogre,Ogre,9,50.0,4.05,2.03,82.0,95.0,9.93,9.43,17.7,4.63,creature,,
tank,Tank Fighter,1,bronze_sword,ogre_brute,Ogre Brute,10,45.0,4.11,1.85,97.8,95.0,10.98,10.43,16.0,6.11,creature,,
tank,Tank Fighter,1,bronze_sword,stone_golem,Stone Golem,10,50.0,3.05,1.53,119.3,95.0,10.98,10.43,16.0,7.45,creature,,
tank,Tank Fighter,1,bronze_sword,dire_wight,Dire Wight,12,15.0,4.33,0.65,230.8,95.0,14.14,13.43,12.4,18.56,creature,,
tank,Tank Fighter,1,bronze_sword,wraith,Wraith,12,10.0,6.25,0.62,240.0,95.0,14.14,13.43,12.4,19.3,creature,,
tank,Tank Fighter,1,bronze_sword,troll,Troll,14,25.0,3.6,0.9,268.9,95.0,16.77,15.93,10.5,25.65,creature,,
tank,Tank Fighter,1,bronze_sword,young_dragon,Young Dragon,16,5.0,6.0,0.3,906.7,95.0,18.87,17.93,9.3,97.35,creature,,
tank,Tank Fighter,1,bronze_sword,demon,Demon,18,5.0,5.76,0.29,770.8,95.0,22.03,20.93,8.0,96.61,creature,,
tank,Tank Fighter,1,bronze_sword,ancient_dragon,Ancient Dragon,20,5.0,5.0,0.25,968.0,95.0,24.66,23.43,7.1,135.81,creature,,
tank,Tank Fighter,5,bronze_sword,rat,Giant Rat,1,90.0,7.92,7.12,2.8,15.0,1.0,0.15,1420.0,0.0,player,,
tank,Tank Fighter,5,bronze_sword,archer_goblin,Archer Goblin,2,85.0,7.94,6.75,5.0,40.0,1.0,0.4,532.5,0.01,player,,
tank,Tank Fighter,5,bronze_sword,goblin,Goblin,2,90.0,7.92,7.12,5.6,30.0,1.0,0.3,710.0,0.01,player,,
tank,Tank Fighter,5,bronze_sword,goblin_mage,Goblin Mage,3,85.0,7.94,6.75,5.6,40.0,1.0,0.4,532.5,0.01,player,,
tank,Tank Fighter,5,bronze_sword,skeleton,Skeleton,3,90.0,6.66,5.99,8.7,30.0,2.77,0.83,256.0,0.03,player,,
tank,Tank Fighter,5,bronze_sword,wild_boar,Wild Boar,4,80.0,7.97,6.38,9.7,50.0,3.44,1.72,123.8,0.08,player,,
tank,Tank Fighter,5,bronze_sword,orc_brute,Orc Brute,5,85.0,6.94,5.9,12.4,55.0,4.46,2.45,86.8,0.14,player,1.0,13.0
tank,Tank Fighter,5,bronze_sword,fire_elemental,Fire Elemental,6,70.0,7.04,4.92,17.7,55.0,6.1,3.35,63.5,0.28,player,,
tank,Tank Fighter,5,bronze_sword,dire_wolf,Dire Wolf,7,55.0,8.18,4.5,21.6,60.0,7.11,4.26,50.0,0.43,player,,
tank,Tank Fighter,5,bronze_sword,cyclops,Cyclops,8,80.0,7.97,6.38,23.7,90.0,7.86,7.07,30.1,0.79,player,,
tank,Tank Fighter,5,bronze_sword,ogre,Ogre,9,75.0,6.0,4.5,36.9,80.0,10.06,8.05,26.5,1.39,creature,,
tank,Tank Fighter,5,bronze_sword,ogre_brute,Ogre Brute,10,70.0,6.04,4.22,42.8,95.0,10.98,10.43,20.4,2.1,creature,,
tank,Tank Fighter,5,bronze_sword,stone_golem,Stone Golem,10,75.0,5.0,3.75,48.5,85.0,11.07,9.41,22.6,2.14,creature,,
tank,Tank Fighter,5,bronze_sword,dire_wight,Dire Wight,12,40.0,5.44,2.18,69.0,85.0,14.25,12.11,17.6,3.92,creature,,
tank,Tank Fighter,5,bronze_sword,wraith,Wraith,12,35.0,6.57,2.3,65.2,80.0,14.32,11.45,18.6,3.51,creature,,
tank,Tank Fighter,5,bronze_sword,troll,Troll,14,50.0,5.25,2.62,92.2,95.0,16.77,15.93,13.4,6.9,creature,,
tank,Tank Fighter,5,bronze_sword,young_dragon,Young Dragon,16,30.0,3.75,1.12,241.8,95.0,18.87,17.93,11.9,20.35,creature,,
tank,Tank Fighter,5,bronze_sword,demon,Demon,18,15.0,4.76,0.71,310.9,95.0,22.03,20.93,10.2,30.55,creature,,
tank,Tank Fighter,5,bronze_sword,ancient_dragon,Ancient Dragon,20,15.0,4.0,0.6,403.3,95.0,24.66,23.43,9.1,44.37,creature,,
tank,Tank Fighter,10,bronze_sword,rat,Giant Rat,1,95.0,13.16,12.5,1.6,5.0,1.0,0.05,5560.0,0.0,player,,
tank,Tank Fighter,10,bronze_sword,archer_goblin,Archer Goblin,2,95.0,13.16,12.5,2.7,20.0,1.0,0.2,1390.0,0.0,player,,
tank,Tank Fighter,10,bronze_sword,goblin,Goblin,2,95.0,13.16,12.5,3.2,10.0,1.0,0.1,2780.0,0.0,player,,
tank,Tank Fighter,10,bronze_sword,goblin_mage,Goblin Mage,3,95.0,13.16,12.5,3.0,20.0,1.0,0.2,1390.0,0.0,player,,
tank,Tank Fighter,10,bronze_sword,skeleton,Skeleton,3,95.0,11.9,11.3,4.6,10.0,1.94,0.19,1433.0,0.0,player,,
tank,Tank Fighter,10,bronze_sword,wild_boar,Wild Boar,4,95.0,13.16,12.5,5.0,30.0,1.0,0.3,926.7,0.01,player,,
tank,Tank Fighter,10,bronze_sword,orc_brute,Orc Brute,5,95.0,12.16,11.55,6.3,35.0,1.9,0.67,417.1,0.02,player,,
tank,Tank Fighter,10,bronze_sword,fire_elemental,Fire Elemental,6,95.0,12.16,11.55,7.5,35.0,3.62,1.27,219.5,0.03,player,,
tank,Tank Fighter,10,bronze_sword,dire_wolf,Dire Wolf,7,85.0,13.24,11.25,8.6,40.0,4.56,1.83,152.2,0.06,player,,
tank,Tank Fighter,10,bronze_sword,cyclops,Cyclops,8,95.0,13.16,12.5,12.1,70.0,5.05,3.53,78.7,0.15,player,,
tank,Tank Fighter,10,bronze_sword,ogre,Ogre,9,95.0,11.16,10.6,15.7,60.0,7.36,4.41,63.0,0.25,player,,
tank,Tank Fighter,10,bronze_sword,ogre_brute,Ogre Brute,10,95.0,11.16,10.6,17.1,80.0,8.13,6.5,42.8,0.4,player,1.0,17.6
tank,Tank Fighter,10,bronze_sword,stone_golem,Stone Golem,10,95.0,10.16,9.65,18.9,65.0,8.34,5.42,51.3,0.37,player,,
tank,Tank Fighter,10,bronze_sword,dire_wight,Dire Wight,12,70.0,10.39,7.27,20.6,65.0,11.57,7.52,37.0,0.56,player,,
tank,Tank Fighter,10,bronze_sword,wraith,Wraith,12,65.0,11.46,7.45,20.1,60.0,11.69,7.01,39.6,0.51,player,,
tank,Tank Fighter,10,bronze_sword,troll,Troll,14,80.0,10.28,8.22,29.4,85.0,13.9,11.81,23.5,1.25,creature,,
tank,Tank Fighter,10,bronze_sword,young_dragon,Young Dragon,16,60.0,8.54,5.12,53.1,95.0,15.87,15.08,18.4,2.88,creature,,
tank,Tank Fighter,10,bronze_sword,demon,Demon,18,45.0,8.65,3.89,57.0,95.0,19.03,18.08,15.4,3.71,creature,,
tank,Tank Fighter,10,bronze_sword,ancient_dragon,Ancient Dragon,20,45.0,7.89,3.55,68.2,95.0,21.66,20.58,13.5,5.05,creature,,
tank,Tank Fighter,20,bronze_sword,rat,Giant Rat,1,95.0,21.05,20.0,1.0,5.0,1.0,0.05,8500.0,0.0,player,,
tank,Tank Fighter,20,bronze_sword,archer_goblin,Archer Goblin,2,95.0,21.05,20.0,1.7,5.0,1.0,0.05,8500.0,0.0,player,,
tank,Tank Fighter,20,bronze_sword,goblin,Goblin,2,95.0,21.05,20.0,2.0,5.0,1.0,0.05,8500.0,0.0,player,,
tank,Tank Fighter,20,bronze_sword,goblin_mage,Goblin Mage,3,95.0,21.05,20.0,1.9,5.0,1.0,0.05,8500.0,0.0,player,,
tank,Tank Fighter,20,bronze_sword,skeleton,Skeleton,3,95.0,19.79,18.8,2.8,5.0,1.78,0.09,4775.3,0.0,player,,
tank,Tank Fighter,20,bronze_sword,wild_boar,Wild Boar,4,95.0,21.05,20.0,3.1,5.0,3.78,0.19,2248.7,0.0,player,,
tank,Tank Fighter,20,bronze_sword,orc_brute,Orc Brute,5,95.0,20.05,19.05,3.8,5.0,5.78,0.29,1470.6,0.0,player,,
tank,Tank Fighter,20,bronze_sword,fire_elemental,Fire Elemental,6,95.0,20.05,19.05,4.6,5.0,8.78,0.44,968.1,0.0,player,,
tank,Tank Fighter,20,bronze_sword,dire_wolf,Dire Wolf,7,95.0,21.05,20.0,4.9,5.0,10.78,0.54,788.5,0.01,player,,
tank,Tank Fighter,20,bronze_sword,cyclops,Cyclops,8,95.0,21.05,20.0,7.6,35.0,2.49,0.87,486.8,0.02,player,,
tank,Tank Fighter,20,bronze_sword,ogre,Ogre,9,95.0,19.05,18.1,9.2,25.0,5.58,1.4,304.7,0.03,player,,
tank,Tank Fighter,20,bronze_sword,ogre_brute,Ogre Brute,10,95.0,19.05,18.1,10.0,45.0,5.45,2.45,173.4,0.06,player,,
tank,Tank Fighter,20,bronze_sword,stone_golem,Stone Golem,10,95.0,18.05,17.15,10.6,30.0,6.28,1.88,225.6,0.05,player,,
tank,Tank Fighter,20,bronze_sword,dire_wight,Dire Wight,12,95.0,18.05,17.15,8.7,30.0,9.78,2.93,144.9,0.06,player,,
tank,Tank Fighter,20,bronze_sword,wraith,Wraith,12,95.0,19.05,18.1,8.3,25.0,10.38,2.59,163.8,0.05,player,,
tank,Tank Fighter,20,bronze_sword,troll,Troll,14,95.0,18.05,17.15,14.1,50.0,11.33,5.67,75.0,0.19,player,,
tank,Tank Fighter,20,bronze_sword,young_dragon,Young Dragon,16,95.0,16.05,15.25,17.8,65.0,13.01,8.46,50.3,0.35,player,,
tank,Tank Fighter,20,bronze_sword,demon,Demon,18,95.0,15.81,15.02,14.8,70.0,16.1,11.27,37.7,0.39,player,,
tank,Tank Fighter,20,bronze_sword,ancient_dragon,Ancient Dragon,20,95.0,15.05,14.3,16.9,80.0,18.53,14.82,28.7,0.59,player,0.998,17.5
brute,Brute (pickaxe),1,pickaxe,rat,Giant Rat,1,80.0,6.91,5.53,3.6,35.0,1.0,0.35,477.1,0.01,player,1.0,4.2
brute,Brute (pickaxe),1,pickaxe,archer_goblin,Archer Goblin,2,75.0,6.93,5.2,6.5,60.0,1.0,0.6,278.3,0.02,player,,
brute,Brute (pickaxe),1,pickaxe,goblin,Goblin,2,80.0,6.91,5.53,7.2,50.0,1.0,0.5,334.0,0.02,player,,
brute,Brute (pickaxe),1,pickaxe,goblin_mage,Goblin Mage,3,75.0,6.93,5.2,7.3,60.0,1.0,0.6,278.3,0.03,player,,
brute,Brute (pickaxe),1,pickaxe,skeleton,Skeleton,3,80.0,5.65,4.52,11.5,50.0,3.15,1.58,106.0,0.11,player,,
brute,Brute (pickaxe),1,pickaxe,wild_boar,Wild Boar,4,70.0,6.96,4.88,12.7,70.0,4.04,2.82,59.1,0.22,player,,
brute,Brute (pickaxe),1,pickaxe,orc_brute,Orc Brute,5,75.0,5.93,4.45,16.4,75.0,5.07,3.8,43.9,0.37,player,,
brute,Brute (pickaxe),1,pickaxe,fire_elemental,Fire Elemental,6,60.0,6.04,3.62,24.0,75.0,6.67,5.0,33.4,0.72,player,,
brute,Brute (pickaxe),1,pickaxe,dire_wolf,Dire Wolf,7,45.0,7.22,3.25,29.8,80.0,7.69,6.15,27.2,1.1,creature,,
brute,Brute (pickaxe),1,pickaxe,cyclops,Cyclops,8,70.0,6.96,4.88,31.0,95.0,8.63,8.2,20.4,1.52,creature,,
brute,Brute (pickaxe),1,pickaxe,ogre,Ogre,9,65.0,5.0,3.25,51.1,95.0,10.74,10.2,16.4,3.12,creature,,
brute,Brute (pickaxe),1,pickaxe,ogre_brute,Ogre Brute,10,60.0,5.04,3.02,59.8,95.0,11.79,11.2,14.9,4.01,creature,,
brute,Brute (pickaxe),1,pickaxe,stone_golem,Stone Golem,10,65.0,4.0,2.6,70.0,95.0,11.79,11.2,14.9,4.69,creature,,
brute,Brute (pickaxe),1,pickaxe,dire_wight,Dire Wight,12,30.0,4.58,1.38,109.1,95.0,14.95,14.2,11.8,9.28,creature,,
brute,Brute (pickaxe),1,pickaxe,wraith,Wraith,12,25.0,5.8,1.45,103.4,95.0,14.95,14.2,11.8,8.8,creature,,
brute,Brute (pickaxe),1,pickaxe,troll,Troll,14,40.0,4.31,1.73,140.3,95.0,17.58,16.7,10.0,14.03,creature,,
brute,Brute (pickaxe),1,pickaxe,young_dragon,Young Dragon,16,20.0,3.12,0.62,435.2,95.0,19.68,18.7,8.9,48.73,creature,,
brute,Brute (pickaxe),1,pickaxe,demon,Demon,18,5.0,7.76,0.39,572.2,95.0,22.84,21.7,7.7,74.35,creature,,
brute,Brute (pickaxe),1,pickaxe,ancient_dragon,Ancient Dragon,20,5.0,7.0,0.35,691.4,95.0,25.47,24.2,6.9,100.2,creature,,
brute,Brute (pickaxe),5,pickaxe,rat,Giant Rat,1,95.0,6.84,6.5,3.1,20.0,1.0,0.2,1025.0,0.0,player,,
brute,Brute (pickaxe),5,pickaxe,archer_goblin,Archer Goblin,2,95.0,6.84,6.5,5.2,45.0,1.0,0.45,455.6,0.01,player,,
brute,Brute (pickaxe),5,pickaxe,goblin,Goblin,2,95.0,6.84,6.5,6.2,35.0,1.14,0.4,512.5,0.01,player,,
brute,Brute (pickaxe),5,pickaxe,goblin_mage,Goblin Mage,3,95.0,6.84,6.5,5.8,45.0,1.0,0.45,455.6,0.01,player,,
brute,Brute (pickaxe),5,pickaxe,skeleton,Skeleton,3,95.0,5.58,5.3,9.8,35.0,3.43,1.2,170.8,0.06,player,,
brute,Brute (pickaxe),5,pickaxe,wild_boar,Wild Boar,4,95.0,6.84,6.5,9.5,55.0,4.18,2.3,89.1,0.11,player,,
brute,Brute (pickaxe),5,pickaxe,orc_brute,Orc Brute,5,95.0,5.84,5.55,13.2,60.0,5.21,3.12,65.6,0.2,player,1.0,13.6
brute,Brute (pickaxe),5,pickaxe,fire_elemental,Fire Elemental,6,85.0,5.88,5.0,17.4,60.0,6.83,4.1,50.0,0.35,player,,
brute,Brute (pickaxe),5,pickaxe,dire_wolf,Dire Wolf,7,70.0,6.96,4.88,19.9,65.0,7.85,5.1,40.2,0.5,player,,
brute,Brute (pickaxe),5,pickaxe,cyclops,Cyclops,8,95.0,6.84,6.5,23.2,95.0,8.63,8.2,25.0,0.93,player,,
brute,Brute (pickaxe),5,pickaxe,ogre,Ogre,9,90.0,4.86,4.38,37.9,85.0,10.82,9.2,22.3,1.7,creature,,
brute,Brute (pickaxe),5,pickaxe,ogre_brute,Ogre Brute,10,85.0,4.88,4.15,43.6,95.0,11.79,11.2,18.3,2.38,creature,,
brute,Brute (pickaxe),5,pickaxe,stone_golem,Stone Golem,10,90.0,3.86,3.48,52.4,90.0,11.83,10.65,19.2,2.72,creature,,
brute,Brute (pickaxe),5,pickaxe,dire_wight,Dire Wight,12,55.0,4.09,2.25,66.7,90.0,15.0,13.5,15.2,4.39,creature,,
brute,Brute (pickaxe),5,pickaxe,wraith,Wraith,12,50.0,5.15,2.58,58.3,85.0,15.06,12.8,16.0,3.64,creature,,
brute,Brute (pickaxe),5,pickaxe,troll,Troll,14,65.0,4.0,2.6,93.1,95.0,17.58,16.7,12.3,7.58,creature,,
brute,Brute (pickaxe),5,pickaxe,young_dragon,Young Dragon,16,45.0,2.22,1.0,272.0,95.0,19.68,18.7,11.0,24.81,creature,,
brute,Brute (pickaxe),5,pickaxe,demon,Demon,18,30.0,2.34,0.7,315.8,95.0,22.84,21.7,9.4,33.43,creature,,
brute,Brute (pickaxe),5,pickaxe,ancient_dragon,Ancient Dragon,20,30.0,1.58,0.48,509.5,95.0,25.47,24.2,8.5,60.14,creature,,
brute,Brute (pickaxe),10,pickaxe,rat,Giant Rat,1,95.0,7.89,7.5,2.7,5.0,3.0,0.15,1680.0,0.0,player,,
brute,Brute (pickaxe),10,pickaxe,archer_goblin,Archer Goblin,2,95.0,7.89,7.5,4.5,25.0,1.4,0.35,720.0,0.01,player,,
brute,Brute (pickaxe),10,pickaxe,goblin,Goblin,2,95.0,7.89,7.5,5.3,15.0,2.0,0.3,840.0,0.01,player,,
brute,Brute (pickaxe),10,pickaxe,goblin_mage,Goblin Mage,3,95.0,7.89,7.5,5.1,25.0,1.0,0.25,1008.0,0.01,player,,
brute,Brute (pickaxe),10,pickaxe,skeleton,Skeleton,3,95.0,6.63,6.3,8.3,15.0,4.67,0.7,360.0,0.02,player,,
brute,Brute (pickaxe),10,pickaxe,wild_boar,Wild Boar,4,95.0,7.89,7.5,8.3,35.0,4.57,1.6,157.5,0.05,player,,
brute,Brute (pickaxe),10,pickaxe,orc_brute,Orc Brute,5,95.0,6.89,6.55,11.1,40.0,5.56,2.23,113.3,0.1,player,,
brute,Brute (pickaxe),10,pickaxe,fire_elemental,Fire Elemental,6,95.0,6.89,6.55,13.3,40.0,7.25,2.9,86.9,0.15,player,,
brute,Brute (pickaxe),10,pickaxe,dire_wolf,Dire Wolf,7,95.0,7.89,7.5,12.9,45.0,8.22,3.7,68.1,0.19,player,,
brute,Brute (pickaxe),10,pickaxe,cyclops,Cyclops,8,95.0,7.89,7.5,20.1,75.0,8.8,6.6,38.2,0.53,player,,
brute,Brute (pickaxe),10,pickaxe,ogre,Ogre,9,95.0,5.89,5.6,29.6,65.0,11.08,7.2,35.0,0.85,player,,
brute,Brute (pickaxe),10,pickaxe,ogre_brute,Ogre Brute,10,95.0,5.89,5.6,32.3,85.0,11.88,10.1,25.0,1.3,creature,0.024,29.8
brute,Brute (pickaxe),10,pickaxe,stone_golem,Stone Golem,10,95.0,4.89,4.65,39.1,70.0,12.07,8.45,29.8,1.31,creature,,
brute,Brute (pickaxe),10,pickaxe,dire_wight,Dire Wight,12,90.0,4.92,4.43,33.9,70.0,15.29,10.7,23.6,1.44,creature,,
brute,Brute (pickaxe),10,pickaxe,wraith,Wraith,12,85.0,5.94,5.05,29.7,65.0,15.38,10.0,25.2,1.18,creature,,
brute,Brute (pickaxe),10,pickaxe,troll,Troll,14,95.0,4.89,4.65,52.0,90.0,17.64,15.88,15.9,3.28,creature,,
brute,Brute (pickaxe),10,pickaxe,young_dragon,Young Dragon,16,80.0,2.97,2.38,114.5,95.0,19.68,18.7,13.5,8.5,creature,,
brute,Brute (pickaxe),10,pickaxe,demon,Demon,18,65.0,2.84,1.84,120.4,95.0,22.84,21.7,11.6,10.37,creature,,
brute,Brute (pickaxe),10,pickaxe,ancient_dragon,Ancient Dragon,20,65.0,2.08,1.35,179.3,95.0,25.47,24.2,10.4,17.21,creature,,
brute,Brute (pickaxe),20,pickaxe,rat,Giant Rat,1,95.0,8.95,8.5,2.4,5.0,3.0,0.15,2320.0,0.0,player,,
brute,Brute (pickaxe),20,pickaxe,archer_goblin,Archer Goblin,2,95.0,8.95,8.5,4.0,5.0,5.0,0.25,1392.0,0.0,player,,
brute,Brute (pickaxe),20,pickaxe,goblin,Goblin,2,95.0,8.95,8.5,4.7,5.0,5.0,0.25,1392.0,0.0,player,,
brute,Brute (pickaxe),20,pickaxe,goblin_mage,Goblin Mage,3,95.0,8.95,8.5,4.5,5.0,1.0,0.05,6960.0,0.0,player,,
brute,Brute (pickaxe),20,pickaxe,skeleton,Skeleton,3,95.0,7.69,7.3,7.1,5.0,9.0,0.45,773.3,0.01,player,,
brute,Brute (pickaxe),20,pickaxe,wild_boar,Wild Boar,4,95.0,8.95,8.5,7.3,5.0,11.0,0.55,632.7,0.01,player,,
brute,Brute (pickaxe),20,pickaxe,orc_brute,Orc Brute,5,95.0,7.95,7.55,9.7,5.0,13.0,0.65,535.4,0.02,player,,
brute,Brute (pickaxe),20,pickaxe,fire_elemental,Fire Elemental,6,95.0,7.95,7.55,11.5,5.0,16.0,0.8,435.0,0.03,player,,
brute,Brute (pickaxe),20,pickaxe,dire_wolf,Dire Wolf,7,95.0,8.95,8.5,11.4,5.0,18.0,0.9,386.7,0.03,player,,
brute,Brute (pickaxe),20,pickaxe,cyclops,Cyclops,8,95.0,8.95,8.5,17.8,35.0,9.71,3.4,102.4,0.17,player,,
brute,Brute (pickaxe),20,pickaxe,ogre,Ogre,9,95.0,6.95,6.6,25.2,25.0,12.8,3.2,108.8,0.23,player,,
brute,Brute (pickaxe),20,pickaxe,ogre_brute,Ogre Brute,10,95.0,6.95,6.6,27.4,45.0,12.67,5.7,61.1,0.45,player,,
brute,Brute (pickaxe),20,pickaxe,stone_golem,Stone Golem,10,95.0,5.95,5.65,32.2,30.0,13.5,4.05,85.9,0.37,player,,
brute,Brute (pickaxe),20,pickaxe,dire_wight,Dire Wight,12,95.0,5.95,5.65,26.5,30.0,17.0,5.1,68.2,0.39,player,,
brute,Brute (pickaxe),20,pickaxe,wraith,Wraith,12,95.0,6.95,6.6,22.7,25.0,17.6,4.4,79.1,0.29,player,,
brute,Brute (pickaxe),20,pickaxe,troll,Troll,14,95.0,5.95,5.65,42.8,50.0,18.55,9.28,37.5,1.14,creature,,
brute,Brute (pickaxe),20,pickaxe,young_dragon,Young Dragon,16,95.0,3.95,3.75,72.5,65.0,20.23,13.15,26.5,2.74,creature,,
brute,Brute (pickaxe),20,pickaxe,demon,Demon,18,95.0,3.71,3.52,63.0,70.0,23.32,16.32,21.3,2.96,creature,,
brute,Brute (pickaxe),20,pickaxe,ancient_dragon,Ancient Dragon,20,95.0,2.95,2.8,86.4,80.0,25.75,20.6,16.9,5.12,creature,0.0,
archer_bow,Archer (bow),1,bow,rat,Giant Rat,1,70.0,8.04,5.62,3.6,20.0,4.38,0.88,149.7,0.02,player,1.0,4.3
archer_bow,Archer (bow),1,bow,archer_goblin,Archer Goblin,2,65.0,8.08,5.25,6.5,45.0,5.0,2.25,58.2,0.11,player,,
archer_bow,Archer (bow),1,bow,goblin,Goblin,2,70.0,8.04,5.62,7.1,35.0,5.14,1.8,72.8,0.1,player,,
archer_bow,Archer (bow),1,bow,goblin_mage,Goblin Mage,3,65.0,8.08,5.25,7.2,45.0,2.22,1.0,131.0,0.06,player,,
archer_bow,Archer (bow),1,bow,skeleton,Skeleton,3,70.0,6.78,4.74,11.0,35.0,7.43,2.6,50.4,0.22,player,,
archer_bow,Archer (bow),1,bow,wild_boar,Wild Boar,4,60.0,8.12,4.88,12.7,55.0,8.18,4.5,29.1,0.44,player,,
archer_bow,Archer (bow),1,bow,orc_brute,Orc Brute,5,65.0,7.08,4.6,15.9,60.0,9.21,5.52,23.7,0.67,player,,
archer_bow,Archer (bow),1,bow,fire_elemental,Fire Elemental,6,50.0,7.25,3.62,24.0,60.0,10.83,6.5,20.2,1.19,creature,,
archer_bow,Archer (bow),1,bow,dire_wolf,Dire Wolf,7,35.0,8.57,3.0,32.3,65.0,11.85,7.7,17.0,1.9,creature,,
archer_bow,Archer (bow),1,bow,cyclops,Cyclops,8,60.0,8.12,4.88,31.0,95.0,12.63,12.0,10.9,2.84,creature,,
archer_bow,Archer (bow),1,bow,ogre,Ogre,9,55.0,6.18,3.4,48.8,85.0,14.82,12.6,10.4,4.7,creature,,
archer_bow,Archer (bow),1,bow,ogre_brute,Ogre Brute,10,50.0,6.25,3.12,57.9,95.0,15.79,15.0,8.7,6.63,creature,,
archer_bow,Archer (bow),1,bow,stone_golem,Stone Golem,10,55.0,5.18,2.85,63.9,90.0,15.83,14.25,9.2,6.95,creature,,
archer_bow,Archer (bow),1,bow,dire_wight,Dire Wight,12,20.0,6.38,1.28,117.6,90.0,19.0,17.1,7.7,15.36,creature,,
archer_bow,Archer (bow),1,bow,wraith,Wraith,12,15.0,8.0,1.2,125.0,85.0,19.06,16.2,8.1,15.46,creature,,
archer_bow,Archer (bow),1,bow,troll,Troll,14,30.0,5.75,1.72,140.3,95.0,21.58,20.5,6.4,21.95,creature,,
archer_bow,Archer (bow),1,bow,young_dragon,Young Dragon,16,10.0,6.25,0.62,435.2,95.0,23.68,22.5,5.8,74.75,creature,,
archer_bow,Archer (bow),1,bow,demon,Demon,18,5.0,9.76,0.49,454.9,95.0,26.84,25.5,5.1,88.55,creature,,
archer_bow,Archer (bow),1,bow,ancient_dragon,Ancient Dragon,20,5.0,9.0,0.45,537.8,95.0,29.47,28.0,4.7,114.94,creature,,
archer_bow,Archer (bow),5,bow,rat,Giant Rat,1,90.0,11.08,9.98,2.0,5.0,7.0,0.35,431.4,0.0,player,,
archer_bow,Archer (bow),5,bow,archer_goblin,Archer Goblin,2,85.0,11.12,9.45,3.6,25.0,5.4,1.35,111.9,0.03,player,,
archer_bow,Archer (bow),5,bow,goblin,Goblin,2,90.0,11.08,9.98,4.0,15.0,6.0,0.9,167.8,0.02,player,,
archer_bow,Archer (bow),5,bow,goblin_mage,Goblin Mage,3,85.0,11.12,9.45,4.0,25.0,2.4,0.6,251.7,0.02,player,,
archer_bow,Archer (bow),5,bow,skeleton,Skeleton,3,90.0,9.82,8.84,5.9,15.0,8.67,1.3,116.2,0.05,player,,
archer_bow,Archer (bow),5,bow,wild_boar,Wild Boar,4,80.0,11.16,8.93,6.9,35.0,8.57,3.0,50.3,0.14,player,,
archer_bow,Archer (bow),5,bow,orc_brute,Orc Brute,5,85.0,10.12,8.6,8.5,40.0,9.56,3.83,39.5,0.22,player,1.0,9.1
archer_bow,Archer (bow),5,bow,fire_elemental,Fire Elemental,6,70.0,10.25,7.17,12.1,40.0,11.25,4.5,33.6,0.36,player,,
archer_bow,Archer (bow),5,bow,dire_wolf,Dire Wolf,7,55.0,11.45,6.3,15.4,45.0,12.22,5.5,27.5,0.56,player,,
archer_bow,Archer (bow),5,bow,cyclops,Cyclops,8,80.0,11.16,8.93,16.9,75.0,12.8,9.6,15.7,1.08,creature,,
archer_bow,Archer (bow),5,bow,ogre,Ogre,9,75.0,9.2,6.9,24.1,65.0,15.08,9.8,15.4,1.56,creature,,
archer_bow,Archer (bow),5,bow,ogre_brute,Ogre Brute,10,70.0,9.25,6.47,28.0,85.0,15.88,13.5,11.2,2.5,creature,,
archer_bow,Archer (bow),5,bow,stone_golem,Stone Golem,10,75.0,8.2,6.15,29.6,70.0,16.07,11.25,13.4,2.2,creature,,
archer_bow,Archer (bow),5,bow,dire_wight,Dire Wight,12,40.0,8.81,3.53,42.6,70.0,19.29,13.5,11.2,3.8,creature,,
archer_bow,Archer (bow),5,bow,wraith,Wraith,12,35.0,10.0,3.5,42.9,65.0,19.38,12.6,12.0,3.58,creature,,
archer_bow,Archer (bow),5,bow,troll,Troll,14,50.0,8.55,4.28,56.6,90.0,21.64,19.48,7.8,7.3,creature,,
archer_bow,Archer (bow),5,bow,young_dragon,Young Dragon,16,30.0,7.25,2.17,125.1,95.0,23.68,22.5,6.7,18.63,creature,,
archer_bow,Archer (bow),5,bow,demon,Demon,18,15.0,8.76,1.31,168.9,95.0,26.84,25.5,5.9,28.53,creature,,
archer_bow,Archer (bow),5,bow,ancient_dragon,Ancient Dragon,20,15.0,8.0,1.2,201.7,95.0,29.47,28.0,5.4,37.4,creature,,
archer_bow,Archer (bow),10,bow,rat,Giant Rat,1,95.0,16.32,15.5,1.3,5.0,1.0,0.05,3520.0,0.0,player,,
archer_bow,Archer (bow),10,bow,archer_goblin,Archer Goblin,2,95.0,16.32,15.5,2.2,5.0,2.0,0.1,1760.0,0.0,player,,
archer_bow,Archer (bow),10,bow,goblin,Goblin,2,95.0,16.32,15.5,2.6,5.0,2.0,0.1,1760.0,0.0,player,,
archer_bow,Archer (bow),10,bow,goblin_mage,Goblin Mage,3,95.0,16.32,15.5,2.5,5.0,1.0,0.05,3520.0,0.0,player,,
archer_bow,Archer (bow),10,bow,skeleton,Skeleton,3,95.0,15.06,14.3,3.6,5.0,6.0,0.3,586.7,0.01,player,,
archer_bow,Archer (bow),10,bow,wild_boar,Wild Boar,4,95.0,16.32,15.5,4.0,10.0,4.25,0.43,414.1,0.01,player,,
archer_bow,Archer (bow),10,bow,orc_brute,Orc Brute,5,95.0,15.32,14.55,5.0,15.0,4.33,0.65,270.8,0.02,player,,
archer_bow,Archer (bow),10,bow,fire_elemental,Fire Elemental,6,90.0,15.36,13.82,6.3,15.0,6.33,0.95,185.3,0.03,player,,
archer_bow,Archer (bow),10,bow,dire_wolf,Dire Wolf,7,75.0,16.53,12.4,7.8,20.0,6.75,1.35,130.4,0.06,player,,
archer_bow,Archer (bow),10,bow,cyclops,Cyclops,8,95.0,16.32,15.5,9.7,50.0,6.2,3.1,56.8,0.17,player,,
archer_bow,Archer (bow),10,bow,ogre,Ogre,9,95.0,14.32,13.6,12.2,40.0,8.75,3.5,50.3,0.24,player,,
archer_bow,Archer (bow),10,bow,ogre_brute,Ogre Brute,10,90.0,14.36,12.93,14.0,60.0,9.25,5.55,31.7,0.44,player,0.999,14.6
archer_bow,Archer (bow),10,bow,stone_golem,Stone Golem,10,95.0,13.32,12.65,14.4,45.0,9.67,4.35,40.5,0.36,player,,
archer_bow,Archer (bow),10,bow,dire_wight,Dire Wight,12,60.0,13.79,8.27,18.1,45.0,13.0,5.85,30.1,0.6,player,,
archer_bow,Archer (bow),10,bow,wraith,Wraith,12,55.0,14.91,8.2,18.3,40.0,13.25,5.3,33.2,0.55,player,,
archer_bow,Archer (bow),10,bow,troll,Troll,14,70.0,13.61,9.53,25.4,65.0,15.08,9.8,18.0,1.41,creature,,
archer_bow,Archer (bow),10,bow,young_dragon,Young Dragon,16,50.0,12.05,6.03,45.1,80.0,16.91,13.53,13.0,3.47,creature,,
archer_bow,Archer (bow),10,bow,demon,Demon,18,35.0,12.47,4.37,50.8,85.0,20.0,17.0,10.4,4.91,creature,,
archer_bow,Archer (bow),10,bow,ancient_dragon,Ancient Dragon,20,35.0,11.71,4.1,59.0,95.0,22.47,21.35,8.2,7.16,creature,,
archer_bow,Archer (bow),20,bow,rat,Giant Rat,1,95.0,22.63,21.5,0.9,5.0,1.0,0.05,4520.0,0.0,player,,
archer_bow,Archer (bow),20,bow,archer_goblin,Archer Goblin,2,95.0,22.63,21.5,1.6,5.0,2.0,0.1,2260.0,0.0,player,,
archer_bow,Archer (bow),20,bow,goblin,Goblin,2,95.0,22.63,21.5,1.9,5.0,2.0,0.1,2260.0,0.0,player,,
archer_bow,Archer (bow),20,bow,goblin_mage,Goblin Mage,3,95.0,22.63,21.5,1.8,5.0,1.0,0.05,4520.0,0.0,player,,
archer_bow,Archer (bow),20,bow,skeleton,Skeleton,3,95.0,21.37,20.3,2.6,5.0,6.0,0.3,753.3,0.0,player,,
archer_bow,Archer (bow),20,bow,wild_boar,Wild Boar,4,95.0,22.63,21.5,2.9,5.0,8.0,0.4,565.0,0.01,player,,
archer_bow,Archer (bow),20,bow,orc_brute,Orc Brute,5,95.0,21.63,20.55,3.6,5.0,10.0,0.5,452.0,0.01,player,,
archer_bow,Archer (bow),20,bow,fire_elemental,Fire Elemental,6,95.0,21.63,20.55,4.2,5.0,13.0,0.65,347.7,0.01,player,,
archer_bow,Archer (bow),20,bow,dire_wolf,Dire Wolf,7,95.0,22.63,21.5,4.5,5.0,15.0,0.75,301.3,0.01,player,,
archer_bow,Archer (bow),20,bow,cyclops,Cyclops,8,95.0,22.63,21.5,7.0,5.0,17.0,0.85,265.9,0.03,player,,
archer_bow,Archer (bow),20,bow,ogre,Ogre,9,95.0,20.63,19.6,8.5,5.0,21.0,1.05,215.2,0.04,player,,
archer_bow,Archer (bow),20,bow,ogre_brute,Ogre Brute,10,95.0,20.63,19.6,9.2,15.0,13.0,1.95,115.9,0.08,player,,
archer_bow,Archer (bow),20,bow,stone_golem,Stone Golem,10,95.0,19.63,18.65,9.8,5.0,23.0,1.15,196.5,0.05,player,,
archer_bow,Archer (bow),20,bow,dire_wight,Dire Wight,12,95.0,19.63,18.65,8.0,5.0,29.0,1.45,155.9,0.05,player,,
archer_bow,Archer (bow),20,bow,wraith,Wraith,12,95.0,20.63,19.6,7.7,5.0,29.0,1.45,155.9,0.05,player,,
archer_bow,Archer (bow),20,bow,troll,Troll,14,95.0,19.63,18.65,13.0,20.0,18.62,3.73,60.7,0.21,player,,
archer_bow,Archer (bow),20,bow,young_dragon,Young Dragon,16,95.0,17.63,16.75,16.2,35.0,18.71,6.55,34.5,0.47,player,,
archer_bow,Archer (bow),20,bow,demon,Demon,18,80.0,17.6,14.08,15.8,40.0,21.69,8.68,26.1,0.61,player,,
archer_bow,Archer (bow),20,bow,ancient_dragon,Ancient Dragon,20,80.0,16.84,13.48,18.0,50.0,23.8,11.9,19.0,0.95,player,0.537,17.7
archer_xbow,Archer (crossbow),1,crossbow,rat,Giant Rat,1,70.0,10.71,7.5,2.7,15.0,1.0,0.15,873.3,0.0,player,1.0,3.3
archer_xbow,Archer (crossbow),1,crossbow,archer_goblin,Archer Goblin,2,65.0,10.77,7.0,4.9,40.0,1.06,0.43,308.2,0.02,player,,
archer_xbow,Archer (crossbow),1,crossbow,goblin,Goblin,2,70.0,10.71,7.5,5.3,30.0,1.25,0.38,349.3,0.02,player,,
archer_xbow,Archer (crossbow),1,crossbow,goblin_mage,Goblin Mage,3,65.0,10.77,7.0,5.4,40.0,1.0,0.4,327.5,0.02,player,,
archer_xbow,Archer (crossbow),1,crossbow,skeleton,Skeleton,3,70.0,9.45,6.62,7.9,30.0,3.58,1.08,121.9,0.06,player,,
archer_xbow,Archer (crossbow),1,crossbow,wild_boar,Wild Boar,4,60.0,10.83,6.5,9.5,50.0,4.25,2.12,61.6,0.15,player,,
archer_xbow,Archer (crossbow),1,crossbow,orc_brute,Orc Brute,5,65.0,9.77,6.35,11.5,55.0,5.27,2.9,45.2,0.25,player,,
archer_xbow,Archer (crossbow),1,crossbow,fire_elemental,Fire Elemental,6,50.0,10.0,5.0,17.4,55.0,6.91,3.8,34.5,0.5,player,,
archer_xbow,Archer (crossbow),1,crossbow,dire_wolf,Dire Wolf,7,35.0,11.43,4.0,24.3,60.0,7.92,4.75,27.6,0.88,player,,
archer_xbow,Archer (crossbow),1,crossbow,cyclops,Cyclops,8,60.0,10.83,6.5,23.2,90.0,8.67,7.8,16.8,1.38,creature,,
archer_xbow,Archer (crossbow),1,crossbow,ogre,Ogre,9,55.0,8.91,4.9,33.9,80.0,10.88,8.7,15.1,2.25,creature,,
archer_xbow,Archer (crossbow),1,crossbow,ogre_brute,Ogre Brute,10,50.0,9.0,4.5,40.2,95.0,11.79,11.2,11.7,3.44,creature,,
archer_xbow,Archer (crossbow),1,crossbow,stone_golem,Stone Golem,10,55.0,7.91,4.35,41.8,85.0,11.88,10.1,13.0,3.23,creature,,
archer_xbow,Archer (crossbow),1,crossbow,dire_wight,Dire Wight,12,20.0,9.5,1.9,78.9,85.0,15.06,12.8,10.2,7.71,creature,,
archer_xbow,Archer (crossbow),1,crossbow,wraith,Wraith,12,15.0,11.33,1.7,88.2,80.0,15.12,12.1,10.8,8.15,creature,,
archer_xbow,Archer (crossbow),1,crossbow,troll,Troll,14,30.0,8.67,2.6,93.1,95.0,17.58,16.7,7.8,11.87,creature,,
archer_xbow,Archer (crossbow),1,crossbow,young_dragon,Young Dragon,16,10.0,10.0,1.0,272.0,95.0,19.68,18.7,7.0,38.83,creature,,
archer_xbow,Archer (crossbow),1,crossbow,demon,Demon,18,5.0,14.76,0.74,300.8,95.0,22.84,21.7,6.0,49.83,creature,,
archer_xbow,Archer (crossbow),1,crossbow,ancient_dragon,Ancient Dragon,20,5.0,14.0,0.7,345.7,95.0,25.47,24.2,5.4,63.86,creature,,
archer_xbow,Archer (crossbow),5,crossbow,rat,Giant Rat,1,85.0,12.71,10.8,1.9,5.0,3.0,0.15,1006.7,0.0,player,,
archer_xbow,Archer (crossbow),5,crossbow,archer_goblin,Archer Goblin,2,80.0,12.75,10.2,3.3,25.0,1.4,0.35,431.4,0.01,player,,
archer_xbow,Archer (crossbow),5,crossbow,goblin,Goblin,2,85.0,12.71,10.8,3.7,15.0,2.0,0.3,503.3,0.01,player,,
archer_xbow,Archer (crossbow),5,crossbow,goblin_mage,Goblin Mage,3,80.0,12.75,10.2,3.7,25.0,1.0,0.25,604.0,0.01,player,,
archer_xbow,Archer (crossbow),5,crossbow,skeleton,Skeleton,3,85.0,11.45,9.73,5.3,15.0,4.67,0.7,215.7,0.02,player,,
archer_xbow,Archer (crossbow),5,crossbow,wild_boar,Wild Boar,4,75.0,12.8,9.6,6.5,35.0,4.57,1.6,94.4,0.07,player,,
archer_xbow,Archer (crossbow),5,crossbow,orc_brute,Orc Brute,5,80.0,11.75,9.4,7.8,40.0,5.56,2.23,67.9,0.11,player,1.0,8.3
archer_xbow,Archer (crossbow),5,crossbow,fire_elemental,Fire Elemental,6,65.0,11.92,7.75,11.2,40.0,7.25,2.9,52.1,0.22,player,,
archer_xbow,Archer (crossbow),5,crossbow,dire_wolf,Dire Wolf,7,50.0,13.2,6.6,14.7,45.0,8.22,3.7,40.8,0.36,player,,
archer_xbow,Archer (crossbow),5,crossbow,cyclops,Cyclops,8,75.0,12.8,9.6,15.7,75.0,8.8,6.6,22.9,0.69,player,,
archer_xbow,Archer (crossbow),5,crossbow,ogre,Ogre,9,70.0,10.86,7.6,21.8,65.0,11.08,7.2,21.0,1.04,creature,,
archer_xbow,Archer (crossbow),5,crossbow,ogre_brute,Ogre Brute,10,65.0,10.92,7.1,25.5,85.0,11.88,10.1,15.0,1.71,creature,,
archer_xbow,Archer (crossbow),5,crossbow,stone_golem,Stone Golem,10,70.0,9.86,6.9,26.4,70.0,12.07,8.45,17.9,1.48,creature,,
archer_xbow,Archer (crossbow),5,crossbow,dire_wight,Dire Wight,12,35.0,10.71,3.75,40.0,70.0,15.29,10.7,14.1,2.83,creature,,
archer_xbow,Archer (crossbow),5,crossbow,wraith,Wraith,12,30.0,12.0,3.6,41.7,65.0,15.38,10.0,15.1,2.76,creature,,
archer_xbow,Archer (crossbow),5,crossbow,troll,Troll,14,45.0,10.33,4.65,52.0,90.0,17.64,15.88,9.5,5.47,creature,,
archer_xbow,Archer (crossbow),5,crossbow,young_dragon,Young Dragon,16,25.0,9.4,2.35,115.7,95.0,19.68,18.7,8.1,14.33,creature,,
archer_xbow,Archer (crossbow),5,crossbow,demon,Demon,18,10.0,12.76,1.28,174.0,95.0,22.84,21.7,7.0,25.0,creature,,
archer_xbow,Archer (crossbow),5,crossbow,ancient_dragon,Ancient Dragon,20,10.0,12.0,1.2,201.7,95.0,25.47,24.2,6.2,32.32,creature,,
archer_xbow,Archer (crossbow),10,crossbow,rat,Giant Rat,1,95.0,16.84,16.0,1.3,5.0,1.0,0.05,3520.0,0.0,player,,
archer_xbow,Archer (crossbow),10,crossbow,archer_goblin,Archer Goblin,2,95.0,16.84,16.0,2.1,5.0,2.0,0.1,1760.0,0.0,player,,
archer_xbow,Archer (crossbow),10,crossbow,goblin,Goblin,2,95.0,16.84,16.0,2.5,5.0,2.0,0.1,1760.0,0.0,player,,
archer_xbow,Archer (crossbow),10,crossbow,goblin_mage,Goblin Mage,3,95.0,16.84,16.0,2.4,5.0,1.0,0.05,3520.0,0.0,player,,
archer_xbow,Archer (crossbow),10,crossbow,skeleton,Skeleton,3,95.0,15.58,14.8,3.5,5.0,6.0,0.3,586.7,0.01,player,,
archer_xbow,Archer (crossbow),10,crossbow,wild_boar,Wild Boar,4,95.0,16.84,16.0,3.9,10.0,4.25,0.43,414.1,0.01,player,,
archer_xbow,Archer (crossbow),10,crossbow,orc_brute,Orc Brute,5,95.0,15.84,15.05,4.9,15.0,4.33,0.65,270.8,0.02,player,,
archer_xbow,Archer (crossbow),10,crossbow,fire_elemental,Fire Elemental,6,90.0,15.89,14.3,6.1,15.0,6.33,0.95,185.3,0.03,player,,
archer_xbow,Archer (crossbow),10,crossbow,dire_wolf,Dire Wolf,7,75.0,17.07,12.8,7.6,20.0,6.75,1.35,130.4,0.06,player,,
archer_xbow,Archer (crossbow),10,crossbow,cyclops,Cyclops,8,95.0,16.84,16.0,9.4,50.0,6.2,3.1,56.8,0.17,player,,
archer_xbow,Archer (crossbow),10,crossbow,ogre,Ogre,9,95.0,14.84,14.1,11.8,40.0,8.75,3.5,50.3,0.23,player,,
archer_xbow,Archer (crossbow),10,crossbow,ogre_brute,Ogre Brute,10,90.0,14.89,13.4,13.5,60.0,9.25,5.55,31.7,0.43,player,0.999,14.0
archer_xbow,Archer (crossbow),10,crossbow,stone_golem,Stone Golem,10,95.0,13.84,13.15,13.8,45.0,9.67,4.35,40.5,0.34,player,,
archer_xbow,Archer (crossbow),10,crossbow,dire_wight,Dire Wight,12,60.0,14.33,8.6,17.4,45.0,13.0,5.85,30.1,0.58,player,,
archer_xbow,Archer (crossbow),10,crossbow,wraith,Wraith,12,55.0,15.45,8.5,17.6,40.0,13.25,5.3,33.2,0.53,player,,
archer_xbow,Archer (crossbow),10,crossbow,troll,Troll,14,70.0,14.14,9.9,24.4,65.0,15.08,9.8,18.0,1.36,creature,,
archer_xbow,Archer (crossbow),10,crossbow,young_dragon,Young Dragon,16,50.0,12.6,6.3,43.2,80.0,16.91,13.53,13.0,3.32,creature,,
archer_xbow,Archer (crossbow),10,crossbow,demon,Demon,18,35.0,13.05,4.57,48.6,85.0,20.0,17.0,10.4,4.7,creature,,
archer_xbow,Archer (crossbow),10,crossbow,ancient_dragon,Ancient Dragon,20,35.0,12.29,4.3,56.3,95.0,22.47,21.35,8.2,6.83,creature,,
archer_xbow,Archer (crossbow),20,crossbow,rat,Giant Rat,1,95.0,23.16,22.0,0.9,5.0,1.0,0.05,4520.0,0.0,player,,
archer_xbow,Archer (crossbow),20,crossbow,archer_goblin,Archer Goblin,2,95.0,23.16,22.0,1.5,5.0,2.0,0.1,2260.0,0.0,player,,
archer_xbow,Archer (crossbow),20,crossbow,goblin,Goblin,2,95.0,23.16,22.0,1.8,5.0,2.0,0.1,2260.0,0.0,player,,
archer_xbow,Archer (crossbow),20,crossbow,goblin_mage,Goblin Mage,3,95.0,23.16,22.0,1.7,5.0,1.0,0.05,4520.0,0.0,player,,
archer_xbow,Archer (crossbow),20,crossbow,skeleton,Skeleton,3,95.0,21.9,20.8,2.5,5.0,6.0,0.3,753.3,0.0,player,,
archer_xbow,Archer (crossbow),20,crossbow,wild_boar,Wild Boar,4,95.0,23.16,22.0,2.8,5.0,8.0,0.4,565.0,0.0,player,,
archer_xbow,Archer (crossbow),20,crossbow,orc_brute,Orc Brute,5,95.0,22.16,21.05,3.5,5.0,10.0,0.5,452.0,0.01,player,,
archer_xbow,Archer (crossbow),20,crossbow,fire_elemental,Fire Elemental,6,95.0,22.16,21.05,4.1,5.0,13.0,0.65,347.7,0.01,player,,
archer_xbow,Archer (crossbow),20,crossbow,dire_wolf,Dire Wolf,7,95.0,23.16,22.0,4.4,5.0,15.0,0.75,301.3,0.01,player,,
archer_xbow,Archer (crossbow),20,crossbow,cyclops,Cyclops,8,95.0,23.16,22.0,6.9,5.0,17.0,0.85,265.9,0.03,player,,
archer_xbow,Archer (crossbow),20,crossbow,ogre,Ogre,9,95.0,21.16,20.1,8.3,5.0,21.0,1.05,215.2,0.04,player,,
archer_xbow,Archer (crossbow),20,crossbow,ogre_brute,Ogre Brute,10,95.0,21.16,20.1,9.0,15.0,13.0,1.95,115.9,0.08,player,,
archer_xbow,Archer (crossbow),20,crossbow,stone_golem,Stone Golem,10,95.0,20.16,19.15,9.5,5.0,23.0,1.15,196.5,0.05,player,,
archer_xbow,Archer (crossbow),20,crossbow,dire_wight,Dire Wight,12,95.0,20.16,19.15,7.8,5.0,29.0,1.45,155.9,0.05,player,,
archer_xbow,Archer (crossbow),20,crossbow,wraith,Wraith,12,95.0,21.16,20.1,7.5,5.0,29.0,1.45,155.9,0.05,player,,
archer_xbow,Archer (crossbow),20,crossbow,troll,Troll,14,95.0,20.16,19.15,12.6,20.0,18.62,3.73,60.7,0.21,player,,
archer_xbow,Archer (crossbow),20,crossbow,young_dragon,Young Dragon,16,95.0,18.16,17.25,15.8,35.0,18.71,6.55,34.5,0.46,player,,
archer_xbow,Archer (crossbow),20,crossbow,demon,Demon,18,80.0,18.14,14.51,15.3,40.0,21.69,8.68,26.1,0.59,player,,
archer_xbow,Archer (crossbow),20,crossbow,ancient_dragon,Ancient Dragon,20,80.0,17.38,13.9,17.4,50.0,23.8,11.9,19.0,0.92,player,0.6,17.4
wizard,Glass Wizard,1,bronze_sword,rat,Giant Rat,1,50.0,4.95,2.48,8.1,40.0,3.94,1.58,65.4,0.12,player,1.0,9.2
wizard,Glass Wizard,1,bronze_sword,archer_goblin,Archer Goblin,2,45.0,5.0,2.25,15.1,65.0,4.85,3.15,32.7,0.46,player,,
wizard,Glass Wizard,1,bronze_sword,goblin,Goblin,2,50.0,4.95,2.48,16.2,55.0,4.91,2.7,38.1,0.42,player,,
wizard,Glass Wizard,1,bronze_sword,goblin_mage,Goblin Mage,3,45.0,5.0,2.25,16.9,65.0,2.15,1.4,73.6,0.23,player,,
wizard,Glass Wizard,1,bronze_sword,skeleton,Skeleton,3,50.0,3.69,1.85,28.2,55.0,7.09,3.9,26.4,1.07,creature,,
wizard,Glass Wizard,1,bronze_sword,wild_boar,Wild Boar,4,40.0,5.06,2.02,30.6,75.0,8.0,6.0,17.2,1.78,creature,,
wizard,Glass Wizard,1,bronze_sword,orc_brute,Orc Brute,5,45.0,4.0,1.8,40.6,80.0,9.03,7.23,14.3,2.84,creature,,
wizard,Glass Wizard,1,bronze_sword,fire_elemental,Fire Elemental,6,30.0,4.25,1.27,68.2,80.0,10.62,8.5,12.1,5.63,creature,,
wizard,Glass Wizard,1,bronze_sword,dire_wolf,Dire Wolf,7,15.0,6.0,0.9,107.8,85.0,11.65,9.9,10.4,10.36,creature,,
wizard,Glass Wizard,1,bronze_sword,cyclops,Cyclops,8,40.0,5.06,2.02,74.6,95.0,12.63,12.0,8.6,8.69,creature,,
wizard,Glass Wizard,1,bronze_sword,ogre,Ogre,9,35.0,3.14,1.1,150.9,95.0,14.74,14.0,7.4,20.51,creature,,
wizard,Glass Wizard,1,bronze_sword,ogre_brute,Ogre Brute,10,30.0,3.25,0.97,185.6,95.0,15.79,15.0,6.9,27.04,creature,,
wizard,Glass Wizard,1,bronze_sword,stone_golem,Stone Golem,10,35.0,2.14,0.75,242.7,95.0,15.79,15.0,6.9,35.34,creature,,
wizard,Glass Wizard,1,bronze_sword,dire_wight,Dire Wight,12,5.0,6.0,0.3,500.0,95.0,18.95,18.0,5.7,87.38,creature,,
wizard,Glass Wizard,1,bronze_sword,wraith,Wraith,12,5.0,7.0,0.35,428.6,95.0,18.95,18.0,5.7,74.9,creature,,
wizard,Glass Wizard,1,bronze_sword,troll,Troll,14,10.0,3.75,0.38,645.3,95.0,21.58,20.5,5.0,128.44,creature,,
wizard,Glass Wizard,1,bronze_sword,young_dragon,Young Dragon,16,5.0,4.0,0.2,1360.0,95.0,23.68,22.5,4.6,297.09,creature,,
wizard,Glass Wizard,1,bronze_sword,demon,Demon,18,5.0,3.76,0.19,1180.9,95.0,26.84,25.5,4.0,292.35,creature,,
wizard,Glass Wizard,1,bronze_sword,ancient_dragon,Ancient Dragon,20,5.0,3.0,0.15,1613.3,95.0,29.47,28.0,3.7,438.58,creature,,
wizard,Glass Wizard,5,bronze_sword,rat,Giant Rat,1,60.0,7.04,4.22,4.7,25.0,4.2,1.05,105.7,0.04,player,,
wizard,Glass Wizard,5,bronze_sword,archer_goblin,Archer Goblin,2,55.0,7.09,3.9,8.7,50.0,4.95,2.48,44.8,0.19,player,,
wizard,Glass Wizard,5,bronze_sword,goblin,Goblin,2,60.0,7.04,4.22,9.5,40.0,5.06,2.02,54.8,0.17,player,,
wizard,Glass Wizard,5,bronze_sword,goblin_mage,Goblin Mage,3,55.0,7.09,3.9,9.7,50.0,2.2,1.1,100.9,0.1,player,,
wizard,Glass Wizard,5,bronze_sword,skeleton,Skeleton,3,60.0,5.78,3.47,15.0,40.0,7.31,2.93,37.9,0.4,player,,
wizard,Glass Wizard,5,bronze_sword,wild_boar,Wild Boar,4,50.0,7.15,3.58,17.3,60.0,8.12,4.88,22.8,0.76,player,,
wizard,Glass Wizard,5,bronze_sword,orc_brute,Orc Brute,5,55.0,6.09,3.35,21.8,65.0,9.15,5.95,18.7,1.17,creature,0.29,18.6
wizard,Glass Wizard,5,bronze_sword,fire_elemental,Fire Elemental,6,40.0,6.31,2.53,34.5,65.0,10.77,7.0,15.9,2.17,creature,,
wizard,Glass Wizard,5,bronze_sword,dire_wolf,Dire Wolf,7,25.0,7.8,1.95,49.7,70.0,11.79,8.25,13.5,3.7,creature,,
wizard,Glass Wizard,5,bronze_sword,cyclops,Cyclops,8,50.0,7.15,3.58,42.2,95.0,12.63,12.0,9.2,4.57,creature,,
wizard,Glass Wizard,5,bronze_sword,ogre,Ogre,9,45.0,5.22,2.35,70.6,90.0,14.78,13.3,8.3,8.46,creature,,
wizard,Glass Wizard,5,bronze_sword,ogre_brute,Ogre Brute,10,40.0,5.31,2.12,85.2,95.0,15.79,15.0,7.4,11.51,creature,,
wizard,Glass Wizard,5,bronze_sword,stone_golem,Stone Golem,10,45.0,4.22,1.9,95.8,95.0,15.79,15.0,7.4,12.94,creature,,
wizard,Glass Wizard,5,bronze_sword,dire_wight,Dire Wight,12,10.0,6.75,0.68,222.2,95.0,18.95,18.0,6.2,36.04,creature,,
wizard,Glass Wizard,5,bronze_sword,wraith,Wraith,12,5.0,11.0,0.55,272.7,90.0,19.0,17.1,6.5,42.01,creature,,
wizard,Glass Wizard,5,bronze_sword,troll,Troll,14,20.0,5.12,1.03,236.1,95.0,21.58,20.5,5.4,43.6,creature,,
wizard,Glass Wizard,5,bronze_sword,young_dragon,Young Dragon,16,5.0,8.0,0.4,680.0,95.0,23.68,22.5,4.9,137.84,creature,,
wizard,Glass Wizard,5,bronze_sword,demon,Demon,18,5.0,7.76,0.39,572.2,95.0,26.84,25.5,4.4,131.44,creature,,
wizard,Glass Wizard,5,bronze_sword,ancient_dragon,Ancient Dragon,20,5.0,7.0,0.35,691.4,95.0,29.47,28.0,4.0,174.41,creature,,
wizard,Glass Wizard,10,bronze_sword,rat,Giant Rat,1,75.0,10.13,7.6,2.6,5.0,7.0,0.35,345.7,0.01,player,,
wizard,Glass Wizard,10,bronze_sword,archer_goblin,Archer Goblin,2,70.0,10.18,7.12,4.8,30.0,5.25,1.57,76.8,0.06,player,,
wizard,Glass Wizard,10,bronze_sword,goblin,Goblin,2,75.0,10.13,7.6,5.3,20.0,5.62,1.12,107.6,0.05,player,,
wizard,Glass Wizard,10,bronze_sword,goblin_mage,Goblin Mage,3,70.0,10.18,7.12,5.3,30.0,2.33,0.7,172.9,0.03,player,,
wizard,Glass Wizard,10,bronze_sword,skeleton,Skeleton,3,75.0,8.87,6.65,7.8,20.0,8.12,1.62,74.5,0.1,player,,
wizard,Glass Wizard,10,bronze_sword,wild_boar,Wild Boar,4,65.0,10.23,6.65,9.3,40.0,8.44,3.38,35.9,0.26,player,,
wizard,Glass Wizard,10,bronze_sword,orc_brute,Orc Brute,5,70.0,9.18,6.42,11.4,45.0,9.44,4.25,28.5,0.4,player,,
wizard,Glass Wizard,10,bronze_sword,fire_elemental,Fire Elemental,6,55.0,9.36,5.15,16.9,45.0,11.11,5.0,24.2,0.7,player,,
wizard,Glass Wizard,10,bronze_sword,dire_wolf,Dire Wolf,7,40.0,10.69,4.28,22.7,50.0,12.1,6.05,20.0,1.13,creature,,
wizard,Glass Wizard,10,bronze_sword,cyclops,Cyclops,8,65.0,10.23,6.65,22.7,80.0,12.75,10.2,11.9,1.91,creature,,
wizard,Glass Wizard,10,bronze_sword,ogre,Ogre,9,60.0,8.29,4.97,33.4,70.0,15.0,10.5,11.5,2.9,creature,,
wizard,Glass Wizard,10,bronze_sword,ogre_brute,Ogre Brute,10,55.0,8.36,4.6,39.3,90.0,15.83,14.25,8.5,4.63,creature,0.0,
wizard,Glass Wizard,10,bronze_sword,stone_golem,Stone Golem,10,60.0,7.29,4.37,41.6,75.0,16.0,12.0,10.1,4.13,creature,,
wizard,Glass Wizard,10,bronze_sword,dire_wight,Dire Wight,12,25.0,8.4,2.1,71.4,75.0,19.2,14.4,8.4,8.5,creature,,
wizard,Glass Wizard,10,bronze_sword,wraith,Wraith,12,20.0,9.88,1.98,75.9,70.0,19.29,13.5,9.0,8.47,creature,,
wizard,Glass Wizard,10,bronze_sword,troll,Troll,14,35.0,7.86,2.75,88.0,95.0,21.58,20.5,5.9,14.91,creature,,
wizard,Glass Wizard,10,bronze_sword,young_dragon,Young Dragon,16,15.0,7.67,1.15,236.5,95.0,23.68,22.5,5.4,43.98,creature,,
wizard,Glass Wizard,10,bronze_sword,demon,Demon,18,5.0,13.76,0.69,322.7,95.0,26.84,25.5,4.7,68.0,creature,,
wizard,Glass Wizard,10,bronze_sword,ancient_dragon,Ancient Dragon,20,5.0,13.0,0.65,372.3,95.0,29.47,28.0,4.3,86.15,creature,,
wizard,Glass Wizard,20,bronze_sword,rat,Giant Rat,1,95.0,15.26,14.5,1.4,5.0,7.0,0.35,402.9,0.0,player,,
wizard,Glass Wizard,20,bronze_sword,archer_goblin,Archer Goblin,2,95.0,15.26,14.5,2.3,5.0,9.0,0.45,313.3,0.01,player,,
wizard,Glass Wizard,20,bronze_sword,goblin,Goblin,2,95.0,15.26,14.5,2.8,5.0,9.0,0.45,313.3,0.01,player,,
wizard,Glass Wizard,20,bronze_sword,goblin_mage,Goblin Mage,3,95.0,15.26,14.5,2.6,5.0,4.0,0.2,705.0,0.0,player,,
wizard,Glass Wizard,20,bronze_sword,skeleton,Skeleton,3,95.0,14.0,13.3,3.9,5.0,13.0,0.65,216.9,0.02,player,,
wizard,Glass Wizard,20,bronze_sword,wild_boar,Wild Boar,4,90.0,15.31,13.78,4.5,5.0,15.0,0.75,188.0,0.02,player,,
wizard,Glass Wizard,20,bronze_sword,orc_brute,Orc Brute,5,95.0,14.26,13.55,5.4,5.0,17.0,0.85,165.9,0.03,player,,
wizard,Glass Wizard,20,bronze_sword,fire_elemental,Fire Elemental,6,80.0,14.41,11.53,7.5,5.0,20.0,1.0,141.0,0.05,player,,
wizard,Glass Wizard,20,bronze_sword,dire_wolf,Dire Wolf,7,65.0,15.62,10.15,9.6,10.0,16.5,1.65,85.5,0.11,player,,
wizard,Glass Wizard,20,bronze_sword,cyclops,Cyclops,8,90.0,15.31,13.78,11.0,40.0,13.5,5.4,26.1,0.42,player,,
wizard,Glass Wizard,20,bronze_sword,ogre,Ogre,9,85.0,13.35,11.35,14.6,30.0,16.33,4.9,28.8,0.51,player,,
wizard,Glass Wizard,20,bronze_sword,ogre_brute,Ogre Brute,10,80.0,13.41,10.73,16.9,50.0,16.5,8.25,17.1,0.99,player,,
wizard,Glass Wizard,20,bronze_sword,stone_golem,Stone Golem,10,85.0,12.35,10.5,17.3,35.0,17.14,6.0,23.5,0.74,player,,
wizard,Glass Wizard,20,bronze_sword,dire_wight,Dire Wight,12,50.0,12.95,6.48,23.2,35.0,20.57,7.2,19.6,1.18,creature,,
wizard,Glass Wizard,20,bronze_sword,wraith,Wraith,12,45.0,14.11,6.35,23.6,30.0,21.0,6.3,22.4,1.06,creature,,
wizard,Glass Wizard,20,bronze_sword,troll,Troll,14,60.0,12.71,7.62,31.7,55.0,22.36,12.3,11.5,2.77,creature,,
wizard,Glass Wizard,20,bronze_sword,young_dragon,Young Dragon,16,40.0,11.31,4.53,60.1,70.0,24.11,16.88,8.4,7.19,creature,,
wizard,Glass Wizard,20,bronze_sword,demon,Demon,18,25.0,12.16,3.04,73.0,75.0,27.2,20.4,6.9,10.57,creature,,
wizard,Glass Wizard,20,bronze_sword,ancient_dragon,Ancient Dragon,20,25.0,11.4,2.85,84.9,85.0,29.65,25.2,5.6,15.18,creature,0.0,
cleric,Balanced Cleric,1,bronze_sword,rat,Giant Rat,1,55.0,6.0,3.3,6.1,35.0,1.0,0.35,408.6,0.01,player,1.0,7.0
cleric,Balanced Cleric,1,bronze_sword,archer_goblin,Archer Goblin,2,50.0,6.05,3.03,11.2,60.0,1.0,0.6,238.3,0.05,player,,
cleric,Balanced Cleric,1,bronze_sword,goblin,Goblin,2,55.0,6.0,3.3,12.1,50.0,1.0,0.5,286.0,0.04,player,,
cleric,Balanced Cleric,1,bronze_sword,goblin_mage,Goblin Mage,3,50.0,6.05,3.03,12.6,60.0,1.0,0.6,238.3,0.05,player,,
cleric,Balanced Cleric,1,bronze_sword,skeleton,Skeleton,3,55.0,4.74,2.61,19.9,50.0,3.15,1.58,90.8,0.22,player,,
cleric,Balanced Cleric,1,bronze_sword,wild_boar,Wild Boar,4,45.0,6.11,2.75,22.5,70.0,4.04,2.82,50.6,0.45,player,,
cleric,Balanced Cleric,1,bronze_sword,orc_brute,Orc Brute,5,50.0,5.05,2.53,28.9,75.0,5.07,3.8,37.6,0.77,player,,
cleric,Balanced Cleric,1,bronze_sword,fire_elemental,Fire Elemental,6,35.0,5.29,1.85,47.0,75.0,6.67,5.0,28.6,1.64,creature,,
cleric,Balanced Cleric,1,bronze_sword,dire_wolf,Dire Wolf,7,20.0,6.88,1.38,70.5,80.0,7.69,6.15,23.3,3.03,creature,,
cleric,Balanced Cleric,1,bronze_sword,cyclops,Cyclops,8,45.0,6.11,2.75,54.9,95.0,8.63,8.2,17.4,3.15,creature,,
cleric,Balanced Cleric,1,bronze_sword,ogre,Ogre,9,40.0,4.19,1.68,99.1,95.0,10.74,10.2,14.0,7.07,creature,,
cleric,Balanced Cleric,1,bronze_sword,ogre_brute,Ogre Brute,10,35.0,4.29,1.5,120.7,95.0,11.79,11.2,12.8,9.45,creature,,
cleric,Balanced Cleric,1,bronze_sword,stone_golem,Stone Golem,10,40.0,3.19,1.28,142.7,95.0,11.79,11.2,12.8,11.18,creature,,
cleric,Balanced Cleric,1,bronze_sword,dire_wight,Dire Wight,12,5.0,8.0,0.4,375.0,95.0,14.95,14.2,10.1,37.24,creature,,
cleric,Balanced Cleric,1,bronze_sword,wraith,Wraith,12,5.0,9.0,0.45,333.3,95.0,14.95,14.2,10.1,33.1,creature,,
cleric,Balanced Cleric,1,bronze_sword,troll,Troll,14,15.0,4.33,0.65,372.3,95.0,17.58,16.7,8.6,43.48,creature,,
cleric,Balanced Cleric,1,bronze_sword,young_dragon,Young Dragon,16,5.0,6.0,0.3,906.7,95.0,19.68,18.7,7.6,118.56,creature,,
cleric,Balanced Cleric,1,bronze_sword,demon,Demon,18,5.0,5.76,0.29,770.8,95.0,22.84,21.7,6.6,116.97,creature,,
cleric,Balanced Cleric,1,bronze_sword,ancient_dragon,Ancient Dragon,20,5.0,5.0,0.25,968.0,95.0,25.47,24.2,5.9,163.82,creature,,
cleric,Balanced Cleric,5,bronze_sword,rat,Giant Rat,1,70.0,8.04,5.62,3.6,20.0,1.0,0.2,855.0,0.0,player,,
cleric,Balanced Cleric,5,bronze_sword,archer_goblin,Archer Goblin,2,65.0,8.08,5.25,6.5,45.0,1.0,0.45,380.0,0.02,player,,
cleric,Balanced Cleric,5,bronze_sword,goblin,Goblin,2,70.0,8.04,5.62,7.1,35.0,1.14,0.4,427.5,0.02,player,,
cleric,Balanced Cleric,5,bronze_sword,goblin_mage,Goblin Mage,3,65.0,8.08,5.25,7.2,45.0,1.0,0.45,380.0,0.02,player,,
cleric,Balanced Cleric,5,bronze_sword,skeleton,Skeleton,3,70.0,6.78,4.74,11.0,35.0,3.43,1.2,142.5,0.08,player,,
cleric,Balanced Cleric,5,bronze_sword,wild_boar,Wild Boar,4,60.0,8.12,4.88,12.7,55.0,4.18,2.3,74.3,0.17,player,,
cleric,Balanced Cleric,5,bronze_sword,orc_brute,Orc Brute,5,65.0,7.08,4.6,15.9,60.0,5.21,3.12,54.7,0.29,player,1.0,16.8
cleric,Balanced Cleric,5,bronze_sword,fire_elemental,Fire Elemental,6,50.0,7.25,3.62,24.0,60.0,6.83,4.1,41.7,0.58,player,,
cleric,Balanced Cleric,5,bronze_sword,dire_wolf,Dire Wolf,7,35.0,8.57,3.0,32.3,65.0,7.85,5.1,33.5,0.96,player,,
cleric,Balanced Cleric,5,bronze_sword,cyclops,Cyclops,8,60.0,8.12,4.88,31.0,95.0,8.63,8.2,20.9,1.49,creature,,
cleric,Balanced Cleric,5,bronze_sword,ogre,Ogre,9,55.0,6.18,3.4,48.8,85.0,10.82,9.2,18.6,2.63,creature,,
cleric,Balanced Cleric,5,bronze_sword,ogre_brute,Ogre Brute,10,50.0,6.25,3.12,57.9,95.0,11.79,11.2,15.3,3.79,creature,,
cleric,Balanced Cleric,5,bronze_sword,stone_golem,Stone Golem,10,55.0,5.18,2.85,63.9,90.0,11.83,10.65,16.1,3.98,creature,,
cleric,Balanced Cleric,5,bronze_sword,dire_wight,Dire Wight,12,20.0,6.38,1.28,117.6,90.0,15.0,13.5,12.7,9.29,creature,,
cleric,Balanced Cleric,5,bronze_sword,wraith,Wraith,12,15.0,8.0,1.2,125.0,85.0,15.06,12.8,13.4,9.36,creature,,
cleric,Balanced Cleric,5,bronze_sword,troll,Troll,14,30.0,5.75,1.72,140.3,95.0,17.58,16.7,10.2,13.7,creature,,
cleric,Balanced Cleric,5,bronze_sword,young_dragon,Young Dragon,16,10.0,6.25,0.62,435.2,95.0,19.68,18.7,9.1,47.59,creature,,
cleric,Balanced Cleric,5,bronze_sword,demon,Demon,18,5.0,9.76,0.49,454.9,95.0,22.84,21.7,7.9,57.73,creature,,
cleric,Balanced Cleric,5,bronze_sword,ancient_dragon,Ancient Dragon,20,5.0,9.0,0.45,537.8,95.0,25.47,24.2,7.1,76.11,creature,,
cleric,Balanced Cleric,10,bronze_sword,rat,Giant Rat,1,90.0,13.19,11.88,1.7,5.0,1.0,0.05,4120.0,0.0,player,,
cleric,Balanced Cleric,10,bronze_sword,archer_goblin,Archer Goblin,2,85.0,13.24,11.25,3.0,25.0,1.0,0.25,824.0,0.0,player,,
cleric,Balanced Cleric,10,bronze_sword,goblin,Goblin,2,90.0,13.19,11.88,3.4,15.0,1.0,0.15,1373.3,0.0,player,,
cleric,Balanced Cleric,10,bronze_sword,goblin_mage,Goblin Mage,3,85.0,13.24,11.25,3.4,25.0,1.0,0.25,824.0,0.0,player,,
cleric,Balanced Cleric,10,bronze_sword,skeleton,Skeleton,3,90.0,11.93,10.74,4.8,15.0,1.0,0.15,1373.3,0.0,player,,
cleric,Balanced Cleric,10,bronze_sword,wild_boar,Wild Boar,4,80.0,13.28,10.62,5.8,35.0,1.0,0.35,588.6,0.01,player,,
cleric,Balanced Cleric,10,bronze_sword,orc_brute,Orc Brute,5,85.0,12.24,10.4,7.0,40.0,1.81,0.73,284.1,0.02,player,,
cleric,Balanced Cleric,10,bronze_sword,fire_elemental,Fire Elemental,6,70.0,12.39,8.67,10.0,40.0,3.5,1.4,147.1,0.07,player,,
cleric,Balanced Cleric,10,bronze_sword,dire_wolf,Dire Wolf,7,55.0,13.64,7.5,12.9,45.0,4.47,2.01,102.4,0.13,player,,
cleric,Balanced Cleric,10,bronze_sword,cyclops,Cyclops,8,80.0,13.28,10.62,14.2,75.0,5.05,3.79,54.4,0.26,player,,
cleric,Balanced Cleric,10,bronze_sword,ogre,Ogre,9,75.0,11.33,8.5,19.5,65.0,7.33,4.76,43.3,0.45,player,,
cleric,Balanced Cleric,10,bronze_sword,ogre_brute,Ogre Brute,10,70.0,11.39,7.97,22.7,85.0,8.13,6.91,29.8,0.76,player,1.0,26.7
cleric,Balanced Cleric,10,bronze_sword,stone_golem,Stone Golem,10,75.0,10.33,7.75,23.5,70.0,8.32,5.82,35.4,0.66,player,,
cleric,Balanced Cleric,10,bronze_sword,dire_wight,Dire Wight,12,40.0,11.06,4.42,33.9,70.0,11.54,8.07,25.5,1.33,creature,,
cleric,Balanced Cleric,10,bronze_sword,wraith,Wraith,12,35.0,12.29,4.3,34.9,65.0,11.63,7.56,27.2,1.28,creature,,
cleric,Balanced Cleric,10,bronze_sword,troll,Troll,14,50.0,10.75,5.38,45.0,90.0,13.89,12.5,16.5,2.73,creature,,
cleric,Balanced Cleric,10,bronze_sword,young_dragon,Young Dragon,16,30.0,9.58,2.88,94.6,95.0,15.93,15.14,13.6,6.95,creature,,
cleric,Balanced Cleric,10,bronze_sword,demon,Demon,18,15.0,11.43,1.71,129.5,95.0,19.09,18.14,11.4,11.4,creature,,
cleric,Balanced Cleric,10,bronze_sword,ancient_dragon,Ancient Dragon,20,15.0,10.67,1.6,151.3,95.0,21.72,20.64,10.0,15.15,creature,,
cleric,Balanced Cleric,20,bronze_sword,rat,Giant Rat,1,95.0,18.42,17.5,1.1,5.0,1.0,0.05,5520.0,0.0,player,,
cleric,Balanced Cleric,20,bronze_sword,archer_goblin,Archer Goblin,2,95.0,18.42,17.5,1.9,5.0,1.25,0.06,4416.0,0.0,player,,
cleric,Balanced Cleric,20,bronze_sword,goblin,Goblin,2,95.0,18.42,17.5,2.3,5.0,1.25,0.06,4416.0,0.0,player,,
cleric,Balanced Cleric,20,bronze_sword,goblin_mage,Goblin Mage,3,95.0,18.42,17.5,2.2,5.0,1.0,0.05,5520.0,0.0,player,,
cleric,Balanced Cleric,20,bronze_sword,skeleton,Skeleton,3,95.0,17.16,16.3,3.2,5.0,5.25,0.26,1051.4,0.0,player,,
cleric,Balanced Cleric,20,bronze_sword,wild_boar,Wild Boar,4,95.0,18.42,17.5,3.5,5.0,7.25,0.36,761.4,0.0,player,,
cleric,Balanced Cleric,20,bronze_sword,orc_brute,Orc Brute,5,95.0,17.42,16.55,4.4,5.0,9.25,0.46,596.8,0.01,player,,
cleric,Balanced Cleric,20,bronze_sword,fire_elemental,Fire Elemental,6,95.0,17.42,16.55,5.3,5.0,12.25,0.61,450.6,0.01,player,,
cleric,Balanced Cleric,20,bronze_sword,dire_wolf,Dire Wolf,7,95.0,18.42,17.5,5.5,5.0,14.25,0.71,387.4,0.01,player,,
cleric,Balanced Cleric,20,bronze_sword,cyclops,Cyclops,8,95.0,18.42,17.5,8.6,35.0,5.96,2.09,132.2,0.07,player,,
cleric,Balanced Cleric,20,bronze_sword,ogre,Ogre,9,95.0,16.42,15.6,10.6,25.0,9.05,2.26,122.0,0.09,player,,
cleric,Balanced Cleric,20,bronze_sword,ogre_brute,Ogre Brute,10,95.0,16.42,15.6,11.6,45.0,8.92,4.01,68.8,0.17,player,,
cleric,Balanced Cleric,20,bronze_sword,stone_golem,Stone Golem,10,95.0,15.42,14.65,12.4,30.0,9.75,2.92,94.4,0.13,player,,
cleric,Balanced Cleric,20,bronze_sword,dire_wight,Dire Wight,12,80.0,15.59,12.48,12.0,30.0,13.25,3.97,69.4,0.17,player,,
cleric,Balanced Cleric,20,bronze_sword,wraith,Wraith,12,75.0,16.67,12.5,12.0,25.0,13.85,3.46,79.7,0.15,player,,
cleric,Balanced Cleric,20,bronze_sword,troll,Troll,14,90.0,15.47,13.92,17.4,50.0,14.8,7.4,37.3,0.47,player,,
cleric,Balanced Cleric,20,bronze_sword,young_dragon,Young Dragon,16,70.0,13.75,9.62,28.3,65.0,16.48,10.71,25.8,1.1,creature,,
cleric,Balanced Cleric,20,bronze_sword,demon,Demon,18,55.0,13.85,7.62,29.1,70.0,19.57,13.7,20.1,1.45,creature,,
cleric,Balanced Cleric,20,bronze_sword,ancient_dragon,Ancient Dragon,20,55.0,13.09,7.2,33.6,80.0,22.0,17.6,15.7,2.14,creature,1.0,56.3
skirmisher,Vagabond Skirmisher,1,dagger,rat,Giant Rat,1,55.0,4.14,2.28,8.8,20.0,1.0,0.2,655.0,0.01,player,1.0,9.6
skirmisher,Vagabond Skirmisher,1,dagger,archer_goblin,Archer Goblin,2,50.0,4.2,2.1,16.2,45.0,1.0,0.45,291.1,0.06,player,,
skirmisher,Vagabond Skirmisher,1,dagger,goblin,Goblin,2,55.0,4.14,2.28,17.6,35.0,1.14,0.4,327.5,0.05,player,,
skirmisher,Vagabond Skirmisher,1,dagger,goblin_mage,Goblin Mage,3,50.0,4.2,2.1,18.1,45.0,1.0,0.45,291.1,0.06,player,,
skirmisher,Vagabond Skirmisher,1,dagger,skeleton,Skeleton,3,55.0,2.88,1.58,32.9,35.0,3.43,1.2,109.2,0.3,player,,
skirmisher,Vagabond Skirmisher,1,dagger,wild_boar,Wild Boar,4,45.0,4.28,1.93,32.2,55.0,4.18,2.3,57.0,0.57,player,,
skirmisher,Vagabond Skirmisher,1,dagger,orc_brute,Orc Brute,5,50.0,3.2,1.6,45.6,60.0,5.21,3.12,41.9,1.09,creature,,
skirmisher,Vagabond Skirmisher,1,dagger,fire_elemental,Fire Elemental,6,35.0,3.5,1.22,71.0,60.0,6.83,4.1,32.0,2.22,creature,,
skirmisher,Vagabond Skirmisher,1,dagger,dire_wolf,Dire Wolf,7,20.0,5.25,1.05,92.4,65.0,7.85,5.1,25.7,3.6,creature,,
skirmisher,Vagabond Skirmisher,1,dagger,cyclops,Cyclops,8,45.0,4.28,1.93,78.4,95.0,8.63,8.2,16.0,4.91,creature,,
skirmisher,Vagabond Skirmisher,1,dagger,ogre,Ogre,9,40.0,2.38,0.95,174.7,85.0,10.82,9.2,14.2,12.27,creature,,
skirmisher,Vagabond Skirmisher,1,dagger,ogre_brute,Ogre Brute,10,35.0,2.5,0.88,206.9,95.0,11.79,11.2,11.7,17.69,creature,,
skirmisher,Vagabond Skirmisher,1,dagger,stone_golem,Stone Golem,10,40.0,1.38,0.55,330.9,90.0,11.83,10.65,12.3,26.9,creature,,
skirmisher,Vagabond Skirmisher,1,dagger,dire_wight,Dire Wight,12,5.0,4.0,0.2,750.0,90.0,15.0,13.5,9.7,77.29,creature,,
skirmisher,Vagabond Skirmisher,1,dagger,wraith,Wraith,12,5.0,5.0,0.25,600.0,85.0,15.06,12.8,10.2,58.63,creature,,
skirmisher,Vagabond Skirmisher,1,dagger,troll,Troll,14,15.0,2.83,0.42,569.4,95.0,17.58,16.7,7.8,72.59,creature,,
skirmisher,Vagabond Skirmisher,1,dagger,young_dragon,Young Dragon,16,5.0,2.0,0.1,2720.0,95.0,19.68,18.7,7.0,388.27,creature,,
skirmisher,Vagabond Skirmisher,1,dagger,demon,Demon,18,5.0,1.76,0.09,2522.7,95.0,22.84,21.7,6.0,417.89,creature,,
skirmisher,Vagabond Skirmisher,1,dagger,ancient_dragon,Ancient Dragon,20,5.0,1.0,0.05,4840.0,95.0,25.47,24.2,5.4,894.11,creature,,
skirmisher,Vagabond Skirmisher,5,dagger,rat,Giant Rat,1,70.0,6.29,4.4,4.5,5.0,3.0,0.15,1006.7,0.0,player,,
skirmisher,Vagabond Skirmisher,5,dagger,archer_goblin,Archer Goblin,2,65.0,6.35,4.12,8.2,30.0,1.25,0.38,402.7,0.02,player,,
skirmisher,Vagabond Skirmisher,5,dagger,goblin,Goblin,2,70.0,6.29,4.4,9.1,20.0,1.62,0.33,464.6,0.02,player,,
skirmisher,Vagabond Skirmisher,5,dagger,goblin_mage,Goblin Mage,3,65.0,6.35,4.12,9.2,30.0,1.0,0.3,503.3,0.02,player,,
skirmisher,Vagabond Skirmisher,5,dagger,skeleton,Skeleton,3,70.0,5.03,3.52,14.8,20.0,4.12,0.83,183.0,0.08,player,,
skirmisher,Vagabond Skirmisher,5,dagger,wild_boar,Wild Boar,4,60.0,6.42,3.85,16.1,40.0,4.44,1.78,85.1,0.19,player,,
skirmisher,Vagabond Skirmisher,5,dagger,orc_brute,Orc Brute,5,65.0,5.35,3.48,21.0,45.0,5.44,2.45,61.6,0.34,player,1.0,21.8
skirmisher,Vagabond Skirmisher,5,dagger,fire_elemental,Fire Elemental,6,50.0,5.6,2.8,31.1,45.0,7.11,3.2,47.2,0.66,player,,
skirmisher,Vagabond Skirmisher,5,dagger,dire_wolf,Dire Wolf,7,35.0,7.07,2.47,39.2,50.0,8.1,4.05,37.3,1.05,creature,,
skirmisher,Vagabond Skirmisher,5,dagger,cyclops,Cyclops,8,60.0,6.42,3.85,39.2,80.0,8.75,7.0,21.6,1.82,creature,,
skirmisher,Vagabond Skirmisher,5,dagger,ogre,Ogre,9,55.0,4.5,2.48,67.1,70.0,11.0,7.7,19.6,3.42,creature,,
skirmisher,Vagabond Skirmisher,5,dagger,ogre_brute,Ogre Brute,10,50.0,4.6,2.3,78.7,90.0,11.83,10.65,14.2,5.55,creature,,
skirmisher,Vagabond Skirmisher,5,dagger,stone_golem,Stone Golem,10,55.0,3.5,1.93,94.5,75.0,12.0,9.0,16.8,5.64,creature,,
skirmisher,Vagabond Skirmisher,5,dagger,dire_wight,Dire Wight,12,20.0,5.25,1.05,142.9,75.0,15.2,11.4,13.2,10.79,creature,,
skirmisher,Vagabond Skirmisher,5,dagger,wraith,Wraith,12,15.0,7.17,1.07,139.5,70.0,15.29,10.7,14.1,9.89,creature,,
skirmisher,Vagabond Skirmisher,5,dagger,troll,Troll,14,30.0,4.33,1.3,186.2,95.0,17.58,16.7,9.0,20.59,creature,,
skirmisher,Vagabond Skirmisher,5,dagger,young_dragon,Young Dragon,16,10.0,6.0,0.6,453.3,95.0,19.68,18.7,8.1,56.14,creature,,
skirmisher,Vagabond Skirmisher,5,dagger,demon,Demon,18,5.0,5.76,0.29,770.8,95.0,22.84,21.7,7.0,110.78,creature,,
skirmisher,Vagabond Skirmisher,5,dagger,ancient_dragon,Ancient Dragon,20,5.0,5.0,0.25,968.0,95.0,25.47,24.2,6.2,155.14,creature,,
skirmisher,Vagabond Skirmisher,10,dagger,rat,Giant Rat,1,90.0,9.44,8.5,2.4,5.0,1.0,0.05,3520.0,0.0,player,,
skirmisher,Vagabond Skirmisher,10,dagger,archer_goblin,Archer Goblin,2,85.0,9.5,8.07,4.2,5.0,2.0,0.1,1760.0,0.0,player,,
skirmisher,Vagabond Skirmisher,10,dagger,goblin,Goblin,2,90.0,9.44,8.5,4.7,5.0,2.0,0.1,1760.0,0.0,player,,
skirmisher,Vagabond Skirmisher,10,dagger,goblin_mage,Goblin Mage,3,85.0,9.5,8.07,4.7,5.0,1.0,0.05,3520.0,0.0,player,,
skirmisher,Vagabond Skirmisher,10,dagger,skeleton,Skeleton,3,90.0,8.18,7.37,7.1,5.0,6.0,0.3,586.7,0.01,player,,
skirmisher,Vagabond Skirmisher,10,dagger,wild_boar,Wild Boar,4,80.0,9.56,7.65,8.1,15.0,3.0,0.45,391.1,0.02,player,,
skirmisher,Vagabond Skirmisher,10,dagger,orc_brute,Orc Brute,5,85.0,8.5,7.22,10.1,20.0,3.62,0.73,242.8,0.04,player,,
skirmisher,Vagabond Skirmisher,10,dagger,fire_elemental,Fire Elemental,6,70.0,8.71,6.1,14.3,20.0,5.5,1.1,160.0,0.09,player,,
skirmisher,Vagabond Skirmisher,10,dagger,dire_wolf,Dire Wolf,7,55.0,10.05,5.53,17.6,25.0,6.2,1.55,113.5,0.15,player,,
skirmisher,Vagabond Skirmisher,10,dagger,cyclops,Cyclops,8,80.0,9.56,7.65,19.7,55.0,6.09,3.35,52.5,0.38,player,,
skirmisher,Vagabond Skirmisher,10,dagger,ogre,Ogre,9,75.0,7.63,5.72,29.0,45.0,8.56,3.85,45.7,0.63,player,,
skirmisher,Vagabond Skirmisher,10,dagger,ogre_brute,Ogre Brute,10,70.0,7.71,5.4,33.5,65.0,9.15,5.95,29.6,1.13,creature,0.268,31.2
skirmisher,Vagabond Skirmisher,10,dagger,stone_golem,Stone Golem,10,75.0,6.63,4.97,36.6,50.0,9.5,4.75,37.1,0.99,player,,
skirmisher,Vagabond Skirmisher,10,dagger,dire_wight,Dire Wight,12,40.0,7.62,3.05,49.2,50.0,12.8,6.4,27.5,1.79,creature,,
skirmisher,Vagabond Skirmisher,10,dagger,wraith,Wraith,12,35.0,8.93,3.12,48.0,45.0,13.0,5.85,30.1,1.6,creature,,
skirmisher,Vagabond Skirmisher,10,dagger,troll,Troll,14,50.0,7.2,3.6,67.2,70.0,14.96,10.47,16.8,4.0,creature,,
skirmisher,Vagabond Skirmisher,10,dagger,young_dragon,Young Dragon,16,30.0,6.33,1.9,143.2,85.0,16.82,14.3,12.3,11.63,creature,,
skirmisher,Vagabond Skirmisher,10,dagger,demon,Demon,18,15.0,8.93,1.34,165.8,90.0,19.92,17.93,9.8,16.89,creature,,
skirmisher,Vagabond Skirmisher,10,dagger,ancient_dragon,Ancient Dragon,20,15.0,8.17,1.22,197.6,95.0,22.47,21.35,8.2,23.96,creature,,
skirmisher,Vagabond Skirmisher,20,dagger,rat,Giant Rat,1,95.0,14.92,14.17,1.4,5.0,1.0,0.05,4520.0,0.0,player,,
skirmisher,Vagabond Skirmisher,20,dagger,archer_goblin,Archer Goblin,2,95.0,14.92,14.17,2.4,5.0,2.0,0.1,2260.0,0.0,player,,
skirmisher,Vagabond Skirmisher,20,dagger,goblin,Goblin,2,95.0,14.92,14.17,2.8,5.0,2.0,0.1,2260.0,0.0,player,,
skirmisher,Vagabond Skirmisher,20,dagger,goblin_mage,Goblin Mage,3,95.0,14.92,14.17,2.7,5.0,1.0,0.05,4520.0,0.0,player,,
skirmisher,Vagabond Skirmisher,20,dagger,skeleton,Skeleton,3,95.0,13.66,12.98,4.0,5.0,6.0,0.3,753.3,0.01,player,,
skirmisher,Vagabond Skirmisher,20,dagger,wild_boar,Wild Boar,4,95.0,14.92,14.17,4.4,5.0,8.0,0.4,565.0,0.01,player,,
skirmisher,Vagabond Skirmisher,20,dagger,orc_brute,Orc Brute,5,95.0,13.92,13.22,5.5,5.0,10.0,0.5,452.0,0.01,player,,
skirmisher,Vagabond Skirmisher,20,dagger,fire_elemental,Fire Elemental,6,95.0,13.92,13.22,6.6,5.0,13.0,0.65,347.7,0.02,player,,
skirmisher,Vagabond Skirmisher,20,dagger,dire_wolf,Dire Wolf,7,95.0,14.92,14.17,6.8,5.0,15.0,0.75,301.3,0.02,player,,
skirmisher,Vagabond Skirmisher,20,dagger,cyclops,Cyclops,8,95.0,14.92,14.17,10.7,10.0,11.0,1.1,205.5,0.05,player,,
skirmisher,Vagabond Skirmisher,20,dagger,ogre,Ogre,9,95.0,12.92,12.27,13.5,5.0,21.0,1.05,215.2,0.06,player,,
skirmisher,Vagabond Skirmisher,20,dagger,ogre_brute,Ogre Brute,10,95.0,12.92,12.27,14.7,20.0,11.75,2.35,96.2,0.15,player,,
skirmisher,Vagabond Skirmisher,20,dagger,stone_golem,Stone Golem,10,95.0,11.92,11.32,16.1,5.0,23.0,1.15,196.5,0.08,player,,
skirmisher,Vagabond Skirmisher,20,dagger,dire_wight,Dire Wight,12,80.0,12.19,9.75,15.4,5.0,29.0,1.45,155.9,0.1,player,,
skirmisher,Vagabond Skirmisher,20,dagger,wraith,Wraith,12,75.0,13.3,9.97,15.0,5.0,29.0,1.45,155.9,0.1,player,,
skirmisher,Vagabond Skirmisher,20,dagger,troll,Troll,14,90.0,12.0,10.8,22.4,25.0,17.6,4.4,51.4,0.44,player,,
skirmisher,Vagabond Skirmisher,20,dagger,young_dragon,Young Dragon,16,70.0,10.43,7.3,37.3,40.0,18.31,7.33,30.9,1.21,creature,,
skirmisher,Vagabond Skirmisher,20,dagger,demon,Demon,18,55.0,10.71,5.89,37.7,45.0,21.33,9.6,23.5,1.6,creature,,
skirmisher,Vagabond Skirmisher,20,dagger,ancient_dragon,Ancient Dragon,20,55.0,9.95,5.48,44.2,55.0,23.55,12.95,17.5,2.53,creature,0.0,27.5
